uai,rentree_scolaire,academie,departement,commune,denomination_principale,secteur,nb_eleves,ips_voie_gt,ips_voie_pro,ips_ensemble_gt_pro,taux_de_reussite,va_taux_de_reussite,taux_de_mentions,va_du_taux_de_mentions,effectif_de_2de,effectif_de_1re,effectif_de_ter,taux_dacces_2nde_bac,va_taux_dacces_2nde_bac,taux_dacces_1re_bac,va_du_taux_dacces_1re_bac,taux_dacces_term_bac,va_du_taux_dacces_term_bac,part_mention_ab,part_mention_b,part_mention_tb_sf,part_mention_tb_af
0680073K,2020-01-01,STRASBOURG,HAUT-RHIN,THANN,LYCEE GENERAL ET TECHNOLOGIQUE,PUBLIC,909,116.2,,116.2,98.0,0.0,74.0,0.0,316.0,287.0,261.0,94.0,4.0,98.0,1.0,100.0,1.0,,,,
0080053P,2020-01-01,REIMS,ARDENNES,VOUZIERS,LYCEE GENERAL,PUBLIC,244,108.7,,108.7,97.0,-2.0,72.0,-4.0,98.0,77.0,74.0,88.0,-2.0,96.0,-1.0,99.0,0.0,,,,
0100003Z,2020-01-01,REIMS,AUBE,BAR-SUR-AUBE,LYCEE POLYVALENT,PUBLIC,386,104.2,79.0,97.5,97.0,0.0,60.0,-2.0,138.0,120.0,120.0,93.0,3.0,99.0,3.0,100.0,2.0,,,,
0100015M,2020-01-01,REIMS,AUBE,ROMILLY-SUR-SEINE,LYCEE GENERAL ET TECHNOLOGIQUE,PUBLIC,987,100.2,,100.2,92.0,-4.0,56.0,-4.0,388.0,338.0,301.0,84.0,-3.0,94.0,-1.0,96.0,-1.0,,,,
0100023W,2020-01-01,REIMS,AUBE,TROYES,LYCEE POLYVALENT,PUBLIC,1169,95.9,72.9,89.9,91.0,-4.0,58.0,1.0,352.0,418.0,402.0,82.0,-4.0,89.0,-5.0,94.0,-2.0,,,,
0100047X,2020-01-01,REIMS,AUBE,TROYES,LYCEE GENERAL PRIVE,PRIVE,383,128.2,,128.2,99.0,0.0,82.0,2.0,137.0,126.0,127.0,87.0,-4.0,96.0,-1.0,97.0,-2.0,,,,
0510062R,2020-01-01,REIMS,MARNE,VITRY-LE-FRANCOIS,LYCEE POLYVALENT,PUBLIC,688,102.5,79.0,95.1,95.0,-1.0,54.0,-9.0,253.0,223.0,218.0,93.0,4.0,96.0,1.0,98.0,0.0,,,,
0511146U,2020-01-01,REIMS,MARNE,REIMS,LYCEE POLYVALENT PRIVE DES MET,PRIVE,169,121.2,108.3,112.8,98.0,0.0,69.0,6.0,56.0,59.0,46.0,82.0,-6.0,90.0,-6.0,98.0,0.0,,,,
0511565Z,2020-01-01,REIMS,MARNE,REIMS,LPO LYCEE DES METIERS,PUBLIC,279,102.8,86.3,96.9,95.0,-1.0,74.0,15.0,131.0,100.0,76.0,85.0,-3.0,93.0,-2.0,96.0,-2.0,,,,
0521032P,2020-01-01,REIMS,HAUTE-MARNE,CHAUMONT,LPO LYCEE DES METIERS,PUBLIC,595,112.2,85.4,110.2,98.0,0.0,68.0,-3.0,214.0,164.0,192.0,89.0,-1.0,96.0,0.0,98.0,0.0,,,,
0540040A,2020-01-01,NANCY-METZ,MEURTHE-ET-MOSELLE,NANCY,LYCEE GENERAL ET TECHNOLOGIQUE,PUBLIC,974,114.8,,114.8,99.0,2.0,66.0,-1.0,340.0,332.0,338.0,91.0,2.0,97.0,2.0,99.0,1.0,,,,
0540044E,2020-01-01,NANCY-METZ,MEURTHE-ET-MOSELLE,TOMBLAINE,LYCEE GENERAL ET TECHNOLOGIQUE,PUBLIC,1177,108.3,,108.3,94.0,-3.0,65.0,2.0,399.0,467.0,407.0,89.0,0.0,96.0,1.0,97.0,-1.0,,,,
0540066D,2020-01-01,NANCY-METZ,MEURTHE-ET-MOSELLE,TOUL,LYCEE GENERAL ET TECHNOLOGIQUE,PUBLIC,980,114.6,,114.6,97.0,-1.0,64.0,-5.0,306.0,307.0,330.0,89.0,-1.0,97.0,1.0,99.0,1.0,,,,
0541313J,2020-01-01,NANCY-METZ,MEURTHE-ET-MOSELLE,NANCY,LYCEE GENERAL PRIVE,PRIVE,216,128.7,,128.7,100.0,1.0,77.0,-5.0,104.0,88.0,58.0,94.0,2.0,97.0,0.0,100.0,1.0,,,,
0542161F,2020-01-01,NANCY-METZ,MEURTHE-ET-MOSELLE,NANCY,LYCEE TECHNOLOGIQUE PRIVE,PRIVE,92,104.1,,104.1,94.0,-1.0,62.0,9.0,21.0,33.0,29.0,58.0,-27.0,75.0,-18.0,91.0,-5.0,,,,
0550047C,2020-01-01,NANCY-METZ,MEUSE,BAR-LE-DUC,LYCEE GEN.ET TECHNOL.PRIVE,PRIVE,229,118.3,,118.3,100.0,2.0,83.0,12.0,79.0,87.0,77.0,91.0,0.0,100.0,4.0,100.0,2.0,,,,
0550072E,2020-01-01,NANCY-METZ,MEUSE,STENAY,LYCEE POLYVALENT,PUBLIC,263,98.4,75.0,91.3,97.0,1.0,65.0,1.0,90.0,68.0,84.0,87.0,-2.0,100.0,5.0,100.0,2.0,,,,
0570023R,2020-01-01,NANCY-METZ,MOSELLE,FAMECK,LYCEE GENERAL ET TECHNOLOGIQUE,PUBLIC,1237,92.4,,92.4,93.0,-2.0,56.0,-1.0,491.0,365.0,387.0,89.0,2.0,97.0,2.0,99.0,2.0,,,,
0570081D,2020-01-01,NANCY-METZ,MOSELLE,PHALSBOURG,LYCEE GENERAL ET TECHNOLOGIQUE,PUBLIC,294,108.8,,108.8,94.0,-4.0,71.0,0.0,96.0,93.0,92.0,81.0,-9.0,91.0,-5.0,95.0,-3.0,,,,
0570106F,2020-01-01,NANCY-METZ,MOSELLE,THIONVILLE,LYCEE GENERAL,PUBLIC,868,115.0,,115.0,97.0,-1.0,70.0,-4.0,347.0,244.0,264.0,86.0,-5.0,95.0,-1.0,98.0,-1.0,,,,
0570146Z,2020-01-01,NANCY-METZ,MOSELLE,ROMBAS,LYCEE POLYVALENT,PUBLIC,1092,100.9,79.5,96.1,94.0,-2.0,61.0,0.0,337.0,346.0,352.0,90.0,2.0,95.0,0.0,97.0,-1.0,,,,
0573320Z,2020-01-01,NANCY-METZ,MOSELLE,METZ,LPO LYCEE DES METIERS,PUBLIC,137,111.9,92.0,98.2,100.0,1.0,55.0,-9.0,34.0,44.0,56.0,93.0,3.0,95.0,0.0,97.0,0.0,,,,
0573326F,2020-01-01,NANCY-METZ,MOSELLE,BITCHE,LYCEE POLYVALENT,PUBLIC,463,106.1,79.9,101.7,99.0,1.0,80.0,10.0,168.0,161.0,149.0,96.0,5.0,99.0,3.0,99.0,0.0,,,,
0670005S,2020-01-01,STRASBOURG,BAS-RHIN,BISCHWILLER,LYCEE GENERAL ET TECHNOLOGIQUE,PUBLIC,727,104.7,,104.7,95.0,-2.0,61.0,-5.0,267.0,235.0,208.0,86.0,-3.0,93.0,-3.0,95.0,-3.0,,,,
0670049P,2020-01-01,STRASBOURG,BAS-RHIN,OBERNAI,LYCEE GENERAL,PUBLIC,664,132.2,,132.2,100.0,1.0,84.0,0.0,264.0,227.0,186.0,95.0,3.0,99.0,2.0,100.0,1.0,,,,
0670057Y,2020-01-01,STRASBOURG,BAS-RHIN,SAVERNE,LYCEE GENERAL ET TECHNOLOGIQUE,PUBLIC,762,111.5,,111.5,98.0,0.0,66.0,-4.0,238.0,249.0,245.0,86.0,-4.0,96.0,0.0,98.0,0.0,,,,
0670079X,2020-01-01,STRASBOURG,BAS-RHIN,STRASBOURG,LYCEE GENERAL,PUBLIC,850,132.7,,132.7,97.0,-2.0,73.0,-8.0,305.0,274.0,269.0,92.0,0.0,97.0,0.0,97.0,-2.0,,,,
0670083B,2020-01-01,STRASBOURG,BAS-RHIN,STRASBOURG,LYCEE GENERAL,PUBLIC,706,106.2,,106.2,94.0,-3.0,63.0,-7.0,293.0,262.0,160.0,86.0,0.0,93.0,-2.0,94.0,-4.0,,,,
0671611M,2020-01-01,STRASBOURG,BAS-RHIN,STRASBOURG,LYCEE GENERAL PRIVE,PRIVE,366,125.0,,125.0,99.0,0.0,81.0,-2.0,140.0,120.0,110.0,90.0,-2.0,94.0,-3.0,99.0,0.0,,,,
0671615S,2020-01-01,STRASBOURG,BAS-RHIN,STRASBOURG,LYCEE GENERAL PRIVE,PRIVE,136,137.1,,137.1,100.0,1.0,89.0,1.0,39.0,43.0,56.0,94.0,2.0,98.0,1.0,100.0,0.0,,,,
0672614C,2020-01-01,STRASBOURG,BAS-RHIN,SARRE-UNION,LYCEE POLYVALENT,PUBLIC,305,106.0,83.0,97.6,100.0,2.0,83.0,9.0,128.0,94.0,80.0,94.0,3.0,99.0,2.0,100.0,1.0,,,,
0672615D,2020-01-01,STRASBOURG,BAS-RHIN,MOLSHEIM,LYCEE POLYVALENT,PUBLIC,499,116.1,87.8,107.2,97.0,-1.0,74.0,9.0,198.0,155.0,157.0,88.0,-1.0,96.0,0.0,97.0,-1.0,,,,
0681917P,2020-01-01,STRASBOURG,HAUT-RHIN,WITTENHEIM,LYCEE GEN.ET TECHNOL.PRIVE,PRIVE,63,91.5,,91.5,100.0,3.0,71.0,15.0,18.0,16.0,19.0,63.0,-21.0,82.0,-12.0,96.0,0.0,,,,
0880020U,2020-01-01,NANCY-METZ,VOSGES,EPINAL,LYCEE GENERAL,PUBLIC,912,117.7,,117.7,99.0,0.0,65.0,-12.0,320.0,281.0,257.0,87.0,-4.0,96.0,-1.0,99.0,0.0,,,,
0880040R,2020-01-01,NANCY-METZ,VOSGES,NEUFCHATEAU,LPO LYCEE DES METIERS,PUBLIC,557,103.4,88.7,101.1,95.0,-3.0,68.0,0.0,193.0,187.0,164.0,90.0,0.0,98.0,2.0,99.0,1.0,,,,
0880101G,2020-01-01,NANCY-METZ,VOSGES,EPINAL,LYCEE GEN.ET TECHNOL.PRIVE,PRIVE,354,120.2,,120.2,100.0,1.0,77.0,2.0,121.0,121.0,133.0,90.0,-1.0,97.0,0.0,99.0,0.0,,,,
0080018B,2020-01-01,REIMS,ARDENNES,GIVET,LYCEE GENERAL,PUBLIC,222,99.0,,99.0,90.0,-5.0,55.0,6.0,102.0,76.0,52.0,83.0,-6.0,89.0,-6.0,93.0,-4.0,,,,
0100046W,2020-01-01,REIMS,AUBE,TROYES,LYCEE GENERAL PRIVE,PRIVE,371,126.6,,126.6,100.0,1.0,90.0,6.0,138.0,121.0,118.0,85.0,-7.0,96.0,-1.0,100.0,1.0,,,,
0101016A,2020-01-01,REIMS,AUBE,SAINTE-SAVINE,LYCEE POLYVALENT,PUBLIC,756,111.8,,111.8,97.0,-1.0,66.0,-6.0,321.0,243.0,231.0,79.0,-11.0,93.0,-3.0,97.0,-2.0,,,,
0510006E,2020-01-01,REIMS,MARNE,CHALONS-EN-CHAMPAGNE,LYCEE GENERAL,PUBLIC,777,117.3,,117.3,96.0,-2.0,69.0,-5.0,280.0,239.0,244.0,89.0,-2.0,96.0,0.0,98.0,-1.0,,,,
0510007F,2020-01-01,REIMS,MARNE,CHALONS-EN-CHAMPAGNE,LPO LYCEE DES METIERS,PUBLIC,487,107.3,82.7,94.0,91.0,-6.0,46.0,-14.0,175.0,152.0,151.0,82.0,-7.0,92.0,-3.0,94.0,-4.0,,,,
0510034K,2020-01-01,REIMS,MARNE,REIMS,LYCEE GENERAL ET TECHNOLOGIQUE,PUBLIC,1212,109.2,86.5,108.6,93.0,-3.0,57.0,-3.0,347.0,478.0,459.0,90.0,2.0,93.0,-2.0,96.0,-1.0,,,,
0510035L,2020-01-01,REIMS,MARNE,REIMS,LGT LYCEE DES METIERS,PUBLIC,1005,92.2,,92.2,93.0,1.0,55.0,5.0,284.0,374.0,389.0,85.0,0.0,94.0,2.0,95.0,0.0,,,,
0510068X,2020-01-01,REIMS,MARNE,EPERNAY,LPO LYCEE DES METIERS,PUBLIC,1461,110.4,80.4,104.2,95.0,-2.0,66.0,-2.0,483.0,472.0,474.0,90.0,1.0,97.0,1.0,98.0,0.0,,,,
0511142P,2020-01-01,REIMS,MARNE,REIMS,LYCEE GENERAL PRIVE,PRIVE,638,132.5,,132.5,100.0,1.0,91.0,5.0,231.0,206.0,193.0,95.0,2.0,98.0,1.0,100.0,1.0,,,,
0511926S,2020-01-01,REIMS,MARNE,REIMS,LYCEE GENERAL ET TECHNOLOGIQUE,PUBLIC,968,124.5,,124.5,98.0,-1.0,77.0,-2.0,360.0,317.0,297.0,93.0,2.0,97.0,0.0,99.0,0.0,,,,
0520844K,2020-01-01,REIMS,HAUTE-MARNE,CHAUMONT,LYCEE GENERAL ET TECHNOLOGIQUE,PUBLIC,631,104.7,,104.7,94.0,-3.0,56.0,-6.0,201.0,234.0,210.0,91.0,2.0,96.0,1.0,97.0,-1.0,,,,
0540034U,2020-01-01,NANCY-METZ,MEURTHE-ET-MOSELLE,LUNEVILLE,LYCEE GENERAL ET TECHNOLOGIQUE,PUBLIC,963,110.8,,110.8,95.0,-2.0,57.0,-10.0,341.0,312.0,333.0,89.0,-2.0,96.0,0.0,99.0,1.0,,,,
0541286E,2020-01-01,NANCY-METZ,MEURTHE-ET-MOSELLE,VAL DE BRIEY,LYCEE GENERAL ET TECHNOLOGIQUE,PUBLIC,965,102.2,,102.2,96.0,0.0,52.0,-7.0,295.0,342.0,287.0,89.0,1.0,95.0,0.0,97.0,-1.0,,,,
0541312H,2020-01-01,NANCY-METZ,MEURTHE-ET-MOSELLE,LUNEVILLE,LYCEE GENERAL PRIVE,PRIVE,96,115.0,,115.0,83.0,-15.0,43.0,-25.0,54.0,32.0,26.0,74.0,-13.0,85.0,-11.0,94.0,-5.0,,,,
0542408Z,2020-01-01,NANCY-METZ,MEURTHE-ET-MOSELLE,NANCY,LYCEE GEN.ET TECHNOL.PRIVE,PRIVE,168,103.5,,103.5,98.0,1.0,46.0,-14.0,65.0,83.0,72.0,76.0,-9.0,87.0,-8.0,96.0,-2.0,,,,
0570094T,2020-01-01,NANCY-METZ,MOSELLE,SARREBOURG,LYCEE POLYVALENT,PUBLIC,833,104.3,82.4,101.8,96.0,-1.0,66.0,0.0,284.0,301.0,233.0,92.0,2.0,97.0,1.0,97.0,-1.0,,,,
0570098X,2020-01-01,NANCY-METZ,MOSELLE,SARREGUEMINES,LYCEE GENERAL ET TECHNOLOGIQUE,PUBLIC,1051,112.1,,112.1,98.0,0.0,71.0,0.0,389.0,329.0,330.0,89.0,-1.0,98.0,2.0,100.0,2.0,,,,
0570107G,2020-01-01,NANCY-METZ,MOSELLE,THIONVILLE,LYCEE GENERAL,PUBLIC,1010,115.7,,115.7,98.0,0.0,70.0,-4.0,415.0,317.0,296.0,93.0,2.0,97.0,0.0,99.0,0.0,,,,
0570214Y,2020-01-01,NANCY-METZ,MOSELLE,SARREGUEMINES,LYCEE GENERAL PRIVE,PRIVE,176,115.5,,115.5,100.0,2.0,81.0,13.0,59.0,62.0,54.0,91.0,0.0,98.0,2.0,100.0,2.0,,,,
0570216A,2020-01-01,NANCY-METZ,MOSELLE,THIONVILLE,LYCEE GENERAL PRIVE,PRIVE,856,132.7,,132.7,100.0,0.0,91.0,3.0,312.0,294.0,269.0,91.0,-2.0,97.0,0.0,100.0,0.0,,,,
0572757M,2020-01-01,NANCY-METZ,MOSELLE,METZ,LYCEE GENERAL ET TECHNOLOGIQUE,PUBLIC,1440,111.9,,111.9,95.0,-2.0,59.0,-10.0,540.0,485.0,503.0,90.0,1.0,96.0,0.0,98.0,0.0,,,,
0573231C,2020-01-01,NANCY-METZ,MOSELLE,SCHOENECK,LPO LYCEE DES METIERS,PUBLIC,519,94.3,81.7,92.8,94.0,-2.0,60.0,4.0,172.0,160.0,168.0,89.0,1.0,94.0,-1.0,95.0,-2.0,,,,
0573366Z,2020-01-01,NANCY-METZ,MOSELLE,ALGRANGE,LYCEE TECHNOLOGIQUE PRIVE,PRIVE,164,105.5,,105.5,98.0,0.0,72.0,3.0,52.0,65.0,53.0,86.0,-4.0,91.0,-5.0,98.0,0.0,,,,
0573770N,2020-01-01,NANCY-METZ,MOSELLE,METZ,LYCEE GEN.ET TECHNOL.PRIVE,PRIVE,192,85.2,,85.2,100.0,5.0,73.0,14.0,70.0,92.0,70.0,75.0,-9.0,87.0,-6.0,100.0,3.0,,,,
0670002N,2020-01-01,STRASBOURG,BAS-RHIN,BARR,LYCEE GENERAL ET TECHNOLOGIQUE,PUBLIC,455,121.8,,121.8,98.0,0.0,76.0,6.0,185.0,134.0,148.0,90.0,0.0,97.0,1.0,100.0,1.0,,,,
0670041F,2020-01-01,STRASBOURG,BAS-RHIN,MOLSHEIM,LYCEE GENERAL ET TECHNOLOGIQUE,PUBLIC,1059,120.7,,120.7,97.0,-2.0,79.0,3.0,331.0,345.0,354.0,94.0,3.0,96.0,-1.0,98.0,-1.0,,,,
0670080Y,2020-01-01,STRASBOURG,BAS-RHIN,STRASBOURG,LYCEE GENERAL,PUBLIC,1235,122.0,,122.0,99.0,0.0,77.0,-1.0,443.0,417.0,412.0,93.0,3.0,97.0,1.0,98.0,-1.0,,,,
0670087F,2020-01-01,STRASBOURG,BAS-RHIN,ILLKIRCH-GRAFFENSTADEN,LPO LYCEE DES METIERS,PUBLIC,222,118.4,96.2,105.5,97.0,-2.0,73.0,1.0,49.0,118.0,82.0,89.0,-1.0,90.0,-5.0,97.0,-1.0,,,,
0671509B,2020-01-01,STRASBOURG,BAS-RHIN,HAGUENAU,LPO LYCEE DES METIERS,PUBLIC,641,114.8,85.3,103.8,98.0,0.0,67.0,-4.0,275.0,203.0,187.0,89.0,0.0,96.0,0.0,98.0,0.0,,,,
0671618V,2020-01-01,STRASBOURG,BAS-RHIN,WALBOURG,LYCEE GENERAL PRIVE,PRIVE,237,121.9,,121.9,100.0,2.0,61.0,-12.0,88.0,83.0,63.0,78.0,-11.0,94.0,-2.0,99.0,0.0,,,,
0672806L,2020-01-01,STRASBOURG,BAS-RHIN,STRASBOURG,LYCEE POLYVALENT,PUBLIC,838,102.7,78.0,96.9,94.0,-2.0,61.0,0.0,399.0,305.0,232.0,87.0,1.0,95.0,0.0,96.0,-2.0,,,,
0680008P,2020-01-01,STRASBOURG,HAUT-RHIN,COLMAR,LYCEE GENERAL ET TECHNOLOGIQUE,PUBLIC,889,111.5,,111.5,97.0,-1.0,75.0,3.0,310.0,287.0,313.0,88.0,-1.0,97.0,1.0,99.0,0.0,,,,
0680010S,2020-01-01,STRASBOURG,HAUT-RHIN,COLMAR,LYCEE POLYVALENT,PUBLIC,872,108.5,82.9,99.5,97.0,0.0,66.0,0.0,291.0,275.0,285.0,88.0,0.0,96.0,0.0,98.0,0.0,,,,
0681817F,2020-01-01,STRASBOURG,HAUT-RHIN,INGERSHEIM,LPO LYCEE DES METIERS,PUBLIC,70,103.9,79.5,86.7,91.0,0.0,36.0,-5.0,23.0,27.0,20.0,91.0,13.0,91.0,0.0,91.0,-3.0,,,,
0681885E,2020-01-01,STRASBOURG,HAUT-RHIN,CARSPACH,LYCEE TECHNOLOGIQUE PRIVE,PRIVE,80,109.9,,109.9,94.0,-3.0,61.0,-2.0,25.0,35.0,19.0,81.0,-6.0,85.0,-10.0,94.0,-4.0,,,,
0880055G,2020-01-01,NANCY-METZ,VOSGES,SAINT-DIE-DES-VOSGES,LYCEE GENERAL ET TECHNOLOGIQUE,PUBLIC,632,102.3,,102.3,96.0,-1.0,62.0,-4.0,240.0,210.0,196.0,83.0,-6.0,94.0,-2.0,98.0,0.0,,,,
0880099E,2020-01-01,NANCY-METZ,VOSGES,SAINT-DIE-DES-VOSGES,LYCEE GEN.ET TECHNOL.PRIVE,PRIVE,216,111.0,,111.0,100.0,2.0,87.0,16.0,91.0,72.0,54.0,94.0,4.0,98.0,2.0,100.0,1.0,,,,
0880152M,2020-01-01,NANCY-METZ,VOSGES,SAINT-DIE-DES-VOSGES,LPO LYCEE DES METIERS,PUBLIC,455,115.2,85.5,105.1,99.0,1.0,62.0,-10.0,165.0,122.0,138.0,88.0,-2.0,98.0,2.0,99.0,0.0,,,,
0880153N,2020-01-01,NANCY-METZ,VOSGES,REMIREMONT,LPO LYCEE DES METIERS,PUBLIC,944,111.3,96.0,110.2,96.0,-2.0,67.0,-3.0,341.0,319.0,304.0,85.0,-6.0,94.0,-2.0,98.0,0.0,,,,
0080006N,2020-01-01,REIMS,ARDENNES,CHARLEVILLE-MEZIERES,LYCEE GENERAL,PUBLIC,650,113.6,,113.6,99.0,0.0,72.0,-7.0,212.0,213.0,200.0,92.0,0.0,97.0,0.0,99.0,0.0,,,,
0080027L,2020-01-01,REIMS,ARDENNES,CHARLEVILLE-MEZIERES,LYCEE GENERAL ET TECHNOLOGIQUE,PUBLIC,489,86.5,,86.5,94.0,-1.0,45.0,-9.0,140.0,142.0,149.0,76.0,-11.0,84.0,-10.0,94.0,-3.0,,,,
0080082W,2020-01-01,REIMS,ARDENNES,CHARLEVILLE-MEZIERES,LYCEE POLYVALENT PRIVE,PRIVE,396,121.2,94.2,113.7,100.0,1.0,82.0,6.0,154.0,135.0,133.0,96.0,5.0,98.0,1.0,100.0,1.0,,,,
0100025Y,2020-01-01,REIMS,AUBE,TROYES,LYCEE POLYVALENT,PUBLIC,541,106.0,81.5,94.9,96.0,-1.0,64.0,1.0,176.0,205.0,184.0,91.0,2.0,96.0,1.0,98.0,0.0,,,,
0100059K,2020-01-01,REIMS,AUBE,TROYES,LYCEE TECHNOLOGIQUE PRIVE,PRIVE,329,116.0,,116.0,97.0,-1.0,60.0,-3.0,107.0,136.0,106.0,77.0,-12.0,89.0,-6.0,98.0,0.0,,,,
0520027X,2020-01-01,REIMS,HAUTE-MARNE,SAINT-DIZIER,LYCEE POLYVALENT,PUBLIC,459,91.3,,91.3,89.0,-4.0,48.0,-2.0,142.0,135.0,154.0,81.0,-5.0,89.0,-4.0,94.0,-2.0,,,,
0520679F,2020-01-01,REIMS,HAUTE-MARNE,SAINT-DIZIER,LYCEE GEN.ET TECHNOL.PRIVE,PRIVE,304,116.4,,116.4,100.0,2.0,80.0,10.0,131.0,96.0,88.0,89.0,-2.0,98.0,2.0,100.0,1.0,,,,
0520685M,2020-01-01,REIMS,HAUTE-MARNE,CHAUMONT,LYCEE GEN.ET TECHNOL.PRIVE,PRIVE,157,116.0,,116.0,100.0,1.0,96.0,23.0,64.0,57.0,40.0,87.0,-4.0,98.0,1.0,98.0,-1.0,,,,
0540042C,2020-01-01,NANCY-METZ,MEURTHE-ET-MOSELLE,NANCY,LYCEE GENERAL ET TECHNOLOGIQUE,PUBLIC,1360,121.6,,121.6,96.0,-2.0,73.0,0.0,478.0,427.0,435.0,94.0,5.0,97.0,1.0,98.0,-1.0,,,,
0540058V,2020-01-01,NANCY-METZ,MEURTHE-ET-MOSELLE,PONT-A-MOUSSON,LYCEE GENERAL ET TECHNOLOGIQUE,PUBLIC,870,113.3,,113.3,97.0,-1.0,61.0,-8.0,350.0,302.0,294.0,89.0,-1.0,97.0,1.0,99.0,1.0,,,,
0540076P,2020-01-01,NANCY-METZ,MEURTHE-ET-MOSELLE,JARNY,LYCEE POLYVALENT,PUBLIC,581,105.3,88.6,97.5,99.0,2.0,67.0,4.0,198.0,216.0,181.0,95.0,5.0,99.0,4.0,100.0,2.0,,,,
0541270M,2020-01-01,NANCY-METZ,MEURTHE-ET-MOSELLE,PONT-A-MOUSSON,LPO LYCEE DES METIERS,PUBLIC,319,112.1,83.7,96.7,100.0,1.0,71.0,-2.0,106.0,81.0,89.0,90.0,1.0,97.0,1.0,99.0,0.0,,,,
0541319R,2020-01-01,NANCY-METZ,MEURTHE-ET-MOSELLE,NANCY,LYCEE GENERAL PRIVE,PRIVE,120,115.6,,115.6,100.0,2.0,71.0,-4.0,66.0,36.0,50.0,80.0,-9.0,95.0,-1.0,97.0,-1.0,,,,
0541320S,2020-01-01,NANCY-METZ,MEURTHE-ET-MOSELLE,TOUL,LYCEE GEN.ET TECHNOL.PRIVE,PRIVE,185,108.7,,108.7,100.0,2.0,66.0,-2.0,60.0,65.0,49.0,73.0,-15.0,87.0,-9.0,98.0,-1.0,,,,
0542208G,2020-01-01,NANCY-METZ,MEURTHE-ET-MOSELLE,VILLERS-LES-NANCY,LYCEE POLYVALENT,PUBLIC,599,117.1,96.3,111.7,94.0,-4.0,57.0,-10.0,189.0,192.0,178.0,88.0,0.0,94.0,-1.0,96.0,-2.0,,,,
0570030Y,2020-01-01,NANCY-METZ,MOSELLE,FORBACH,LPO LYCEE DES METIERS,PUBLIC,274,73.0,67.2,69.9,74.0,-15.0,31.0,-8.0,50.0,98.0,98.0,72.0,-6.0,80.0,-11.0,86.0,-8.0,,,,
0570085H,2020-01-01,NANCY-METZ,MOSELLE,SAINT-AVOLD,LPO LYCEE DES METIERS,PUBLIC,1127,104.1,76.7,99.2,97.0,0.0,72.0,5.0,391.0,349.0,356.0,85.0,-4.0,94.0,-2.0,97.0,-1.0,,,,
0570099Y,2020-01-01,NANCY-METZ,MOSELLE,SARREGUEMINES,LPO LYCEE DES METIERS,PUBLIC,485,101.2,80.9,93.8,94.0,-2.0,58.0,-3.0,164.0,171.0,171.0,94.0,7.0,98.0,3.0,99.0,1.0,,,,
0570211V,2020-01-01,NANCY-METZ,MOSELLE,PHALSBOURG,LYCEE GENERAL PRIVE,PRIVE,230,129.0,,129.0,100.0,1.0,77.0,-1.0,90.0,84.0,69.0,94.0,3.0,100.0,3.0,100.0,1.0,,,,
0573172N,2020-01-01,NANCY-METZ,MOSELLE,SAINT-AVOLD,LYCEE TECHNOLOGIQUE PRIVE,PRIVE,88,95.3,,95.3,94.0,-3.0,63.0,5.0,22.0,35.0,30.0,80.0,-7.0,88.0,-7.0,94.0,-3.0,,,,
0573281G,2020-01-01,NANCY-METZ,MOSELLE,METZ,LYCEE GENERAL ET TECHNOLOGIQUE,PUBLIC,1028,112.5,,112.5,98.0,0.0,71.0,1.0,375.0,361.0,318.0,87.0,-2.0,94.0,-2.0,99.0,1.0,,,,
0670020H,2020-01-01,STRASBOURG,BAS-RHIN,HAGUENAU,LYCEE GENERAL ET TECHNOLOGIQUE,PUBLIC,1295,115.6,,115.6,99.0,1.0,76.0,1.0,409.0,427.0,439.0,91.0,1.0,97.0,1.0,99.0,0.0,,,,
0670084C,2020-01-01,STRASBOURG,BAS-RHIN,STRASBOURG,LYCEE POLYVALENT,PUBLIC,1275,103.0,85.0,100.3,95.0,-1.0,67.0,1.0,343.0,470.0,467.0,96.0,7.0,97.0,2.0,98.0,1.0,,,,
0670086E,2020-01-01,STRASBOURG,BAS-RHIN,STRASBOURG,LPO LYCEE DES METIERS,PUBLIC,378,84.1,76.2,80.3,88.0,-3.0,41.0,0.0,117.0,103.0,133.0,76.0,-7.0,88.0,-2.0,90.0,-3.0,,,,
0670114K,2020-01-01,STRASBOURG,BAS-RHIN,WISSEMBOURG,LPO LYCEE DES METIERS,PUBLIC,1032,113.9,89.9,108.2,99.0,1.0,83.0,11.0,341.0,327.0,323.0,94.0,3.0,97.0,1.0,99.0,0.0,,,,
0671636P,2020-01-01,STRASBOURG,BAS-RHIN,STRASBOURG,LYCEE D'ENS. GENERAL ET TECHN.,PRIVE,141,112.5,,112.5,94.0,-2.0,47.0,-9.0,32.0,52.0,50.0,85.0,20.0,94.0,1.0,94.0,-3.0,,,,
0671639T,2020-01-01,STRASBOURG,BAS-RHIN,STRASBOURG,LYC GEN TECH PRIVE DES METIERS,PRIVE,449,120.3,,120.3,99.0,1.0,70.0,4.0,160.0,148.0,182.0,82.0,-6.0,96.0,1.0,99.0,1.0,,,,
0680001G,2020-01-01,STRASBOURG,HAUT-RHIN,ALTKIRCH,LYCEE POLYVALENT,PUBLIC,1268,114.0,85.4,107.1,100.0,2.0,81.0,7.0,487.0,424.0,369.0,96.0,6.0,99.0,3.0,100.0,1.0,,,,
0680007N,2020-01-01,STRASBOURG,HAUT-RHIN,COLMAR,LYCEE GENERAL ET TECHNOLOGIQUE,PUBLIC,860,126.6,,126.6,99.0,0.0,84.0,5.0,315.0,272.0,272.0,94.0,3.0,97.0,1.0,99.0,0.0,,,,
0680032R,2020-01-01,STRASBOURG,HAUT-RHIN,MULHOUSE,LYCEE GENERAL ET TECHNOLOGIQUE,PUBLIC,1180,99.0,,99.0,92.0,-3.0,54.0,-4.0,360.0,402.0,377.0,86.0,0.0,93.0,-1.0,94.0,-3.0,,,,
0680151V,2020-01-01,STRASBOURG,HAUT-RHIN,MULHOUSE,INSTITUTION,PRIVE,679,126.7,,126.7,100.0,1.0,85.0,3.0,256.0,246.0,197.0,91.0,-1.0,96.0,-1.0,100.0,1.0,,,,
0681839E,2020-01-01,STRASBOURG,HAUT-RHIN,GUEBWILLER,LPO LYCEE DES METIERS,PUBLIC,127,114.2,88.3,94.2,95.0,-3.0,51.0,-13.0,16.0,42.0,42.0,95.0,9.0,95.0,0.0,95.0,-3.0,,,,
0681888H,2020-01-01,STRASBOURG,HAUT-RHIN,WITTELSHEIM,LYCEE POLYVALENT,PUBLIC,397,101.0,73.6,90.9,91.0,-5.0,54.0,-4.0,169.0,144.0,117.0,88.0,-1.0,95.0,0.0,98.0,0.0,,,,
0080007P,2020-01-01,REIMS,ARDENNES,CHARLEVILLE-MEZIERES,LYCEE GENERAL ET TECHNOLOGIQUE,PUBLIC,810,102.9,,102.9,95.0,-1.0,56.0,-5.0,240.0,280.0,276.0,86.0,-3.0,95.0,0.0,99.0,2.0,,,,
0080008R,2020-01-01,REIMS,ARDENNES,CHARLEVILLE-MEZIERES,LPO LYCEE DES METIERS,PUBLIC,412,106.5,83.3,103.8,96.0,-1.0,61.0,-3.0,129.0,145.0,139.0,93.0,5.0,96.0,0.0,100.0,2.0,,,,
0080040A,2020-01-01,REIMS,ARDENNES,REVIN,LYCEE POLYVALENT,PUBLIC,262,87.6,71.0,80.2,98.0,1.0,62.0,1.0,96.0,83.0,72.0,86.0,-3.0,93.0,-2.0,99.0,1.0,,,,
0080045F,2020-01-01,REIMS,ARDENNES,SEDAN,LYCEE GENERAL ET TECHNOLOGIQUE,PUBLIC,859,93.7,,93.7,92.0,-4.0,52.0,-6.0,301.0,263.0,286.0,87.0,-2.0,94.0,-1.0,96.0,-1.0,,,,
0081047V,2020-01-01,REIMS,ARDENNES,BAZEILLES,LPO LYCEE DES METIERS,PUBLIC,93,109.7,87.1,94.5,96.0,-2.0,57.0,0.0,17.0,30.0,34.0,97.0,9.0,97.0,3.0,100.0,3.0,,,,
0100022V,2020-01-01,REIMS,AUBE,TROYES,LYCEE GENERAL ET TECHNOLOGIQUE,PUBLIC,911,107.2,,107.2,96.0,-1.0,60.0,-3.0,324.0,293.0,296.0,85.0,-4.0,96.0,1.0,98.0,0.0,,,,
0510031G,2020-01-01,REIMS,MARNE,REIMS,LYCEE GENERAL,PUBLIC,974,112.4,,112.4,97.0,-1.0,64.0,-8.0,428.0,319.0,300.0,92.0,3.0,98.0,2.0,99.0,0.0,,,,
0510032H,2020-01-01,REIMS,MARNE,REIMS,LYCEE GENERAL ET TECHNOLOGIQUE,PUBLIC,1009,123.8,,123.8,100.0,1.0,81.0,0.0,386.0,308.0,303.0,92.0,1.0,96.0,-1.0,98.0,-1.0,,,,
0511130B,2020-01-01,REIMS,MARNE,REIMS,LYCEE GENERAL PRIVE,PRIVE,666,126.8,,126.8,100.0,1.0,80.0,-1.0,244.0,222.0,207.0,93.0,1.0,96.0,-1.0,99.0,0.0,,,,
0511135G,2020-01-01,REIMS,MARNE,EPERNAY,LYCEE GENERAL PRIVE,PRIVE,270,115.8,,115.8,100.0,1.0,88.0,9.0,110.0,97.0,68.0,85.0,-6.0,94.0,-3.0,100.0,1.0,,,,
0511140M,2020-01-01,REIMS,MARNE,REIMS,LYCEE GENERAL PRIVE,PRIVE,363,136.5,,136.5,100.0,1.0,71.0,-9.0,115.0,114.0,111.0,91.0,2.0,97.0,0.0,100.0,1.0,,,,
0520019N,2020-01-01,REIMS,HAUTE-MARNE,JOINVILLE,LYCEE GENERAL ET TECHNOLOGIQUE,PUBLIC,315,98.4,,98.4,93.0,-3.0,60.0,1.0,90.0,118.0,95.0,92.0,4.0,95.0,0.0,96.0,-2.0,,,,
0520021R,2020-01-01,REIMS,HAUTE-MARNE,LANGRES,LYCEE POLYVALENT,PUBLIC,718,109.5,77.9,104.2,95.0,-2.0,59.0,-8.0,241.0,217.0,228.0,91.0,2.0,93.0,-3.0,95.0,-3.0,,,,
0540030P,2020-01-01,NANCY-METZ,MEURTHE-ET-MOSELLE,LONGWY,LYCEE POLYVALENT,PUBLIC,1392,99.4,78.9,97.3,97.0,0.0,55.0,-8.0,504.0,493.0,438.0,92.0,5.0,97.0,2.0,98.0,0.0,,,,
0540038Y,2020-01-01,NANCY-METZ,MEURTHE-ET-MOSELLE,NANCY,LYCEE GENERAL ET TECHNOLOGIQUE,PUBLIC,1250,125.1,,125.1,98.0,-1.0,82.0,2.0,464.0,404.0,416.0,97.0,6.0,99.0,2.0,100.0,1.0,,,,
0540039Z,2020-01-01,NANCY-METZ,MEURTHE-ET-MOSELLE,NANCY,LYCEE GENERAL ET TECHNOLOGIQUE,PUBLIC,1005,122.0,,122.0,97.0,-1.0,76.0,3.0,330.0,337.0,348.0,93.0,3.0,97.0,1.0,98.0,0.0,,,,
0540041B,2020-01-01,NANCY-METZ,MEURTHE-ET-MOSELLE,NANCY,LYCEE GENERAL ET TECHNOLOGIQUE,PUBLIC,379,103.5,,103.5,96.0,0.0,57.0,-5.0,120.0,116.0,127.0,90.0,4.0,98.0,3.0,100.0,2.0,,,,
0541309E,2020-01-01,NANCY-METZ,MEURTHE-ET-MOSELLE,LONGWY,LYCEE GEN.ET TECHNOL.PRIVE,PRIVE,320,101.4,,101.4,99.0,1.0,78.0,10.0,136.0,105.0,117.0,88.0,-1.0,96.0,0.0,99.0,1.0,,,,
0550008K,2020-01-01,NANCY-METZ,MEUSE,COMMERCY,LYCEE POLYVALENT,PUBLIC,530,104.2,79.7,97.2,90.0,-6.0,61.0,-1.0,205.0,175.0,181.0,90.0,1.0,95.0,0.0,97.0,-1.0,,,,
0550025D,2020-01-01,NANCY-METZ,MEUSE,VERDUN,LPO LYCEE DES METIERS,PUBLIC,1143,108.4,88.5,106.9,98.0,0.0,69.0,-2.0,395.0,340.0,371.0,88.0,-2.0,95.0,-1.0,98.0,0.0,,,,
0570029X,2020-01-01,NANCY-METZ,MOSELLE,FORBACH,LYCEE GENERAL ET TECHNOLOGIQUE,PUBLIC,518,88.2,,88.2,99.0,4.0,59.0,5.0,199.0,188.0,166.0,93.0,6.0,96.0,2.0,99.0,2.0,,,,
0570054Z,2020-01-01,NANCY-METZ,MOSELLE,METZ,LYCEE GENERAL ET TECHNOLOGIQUE,PUBLIC,1155,129.7,,129.7,97.0,-2.0,79.0,-6.0,433.0,383.0,343.0,93.0,1.0,95.0,-2.0,98.0,-1.0,,,,
0570087K,2020-01-01,NANCY-METZ,MOSELLE,SAINT-AVOLD,LPO LYCEE DES METIERS,PUBLIC,811,108.6,77.8,98.8,96.0,-1.0,65.0,1.0,309.0,265.0,273.0,92.0,2.0,95.0,-1.0,97.0,-1.0,,,,
0570311D,2020-01-01,NANCY-METZ,MOSELLE,METZ,LYCEE GEN.ET TECHNOL.PRIVE,PRIVE,479,131.8,,131.8,100.0,1.0,87.0,7.0,173.0,175.0,161.0,91.0,0.0,99.0,2.0,100.0,1.0,,,,
0570313F,2020-01-01,NANCY-METZ,MOSELLE,THIONVILLE,LYCEE GEN.ET TECHNOL.PRIVE,PRIVE,833,125.1,,125.1,100.0,1.0,87.0,6.0,304.0,294.0,272.0,95.0,3.0,99.0,2.0,100.0,1.0,,,,
0572340J,2020-01-01,NANCY-METZ,MOSELLE,FORBACH,LYCEE GEN.ET TECHNOL.PRIVE,PRIVE,208,102.1,,102.1,98.0,1.0,80.0,12.0,93.0,72.0,72.0,92.0,3.0,100.0,4.0,100.0,2.0,,,,
0572341K,2020-01-01,NANCY-METZ,MOSELLE,MONTIGNY-LES-METZ,LYCEE GENERAL PRIVE,PRIVE,569,127.1,,127.1,99.0,0.0,76.0,-1.0,217.0,204.0,196.0,87.0,-3.0,94.0,-2.0,99.0,0.0,,,,
0572590F,2020-01-01,NANCY-METZ,MOSELLE,TALANGE,LPO LYCEE DES METIERS,PUBLIC,137,101.4,85.6,90.1,100.0,4.0,55.0,0.0,35.0,24.0,38.0,74.0,-13.0,88.0,-6.0,100.0,3.0,,,,
0573227Y,2020-01-01,NANCY-METZ,MOSELLE,METZ,LYCEE POLYVALENT,PUBLIC,834,108.2,83.4,102.3,98.0,1.0,62.0,-4.0,335.0,256.0,226.0,85.0,-4.0,95.0,-1.0,98.0,0.0,,,,
0670078W,2020-01-01,STRASBOURG,BAS-RHIN,STRASBOURG,LYCEE GENERAL ET TECHNOLOGIQUE,PUBLIC,981,98.3,,98.3,93.0,-2.0,58.0,2.0,376.0,324.0,330.0,87.0,1.0,92.0,-2.0,96.0,-1.0,,,,
0670081Z,2020-01-01,STRASBOURG,BAS-RHIN,STRASBOURG,LYCEE GENERAL,PUBLIC,941,127.6,,127.6,97.0,-2.0,88.0,5.0,334.0,316.0,317.0,91.0,5.0,96.0,1.0,99.0,0.0,,,,
0671609K,2020-01-01,STRASBOURG,BAS-RHIN,STRASBOURG,LYCEE GENERAL PRIVE,PRIVE,638,135.1,,135.1,100.0,1.0,93.0,9.0,237.0,211.0,203.0,96.0,3.0,98.0,1.0,100.0,1.0,,,,
0671610L,2020-01-01,STRASBOURG,BAS-RHIN,STRASBOURG,LYCEE D'ENSEIGNEMENT GENERAL P,PRIVE,494,126.0,,126.0,100.0,1.0,95.0,9.0,175.0,171.0,166.0,93.0,0.0,97.0,0.0,99.0,0.0,,,,
0671832C,2020-01-01,STRASBOURG,BAS-RHIN,SELESTAT,LYCEE POLYVALENT,PUBLIC,735,112.9,92.9,107.9,94.0,-4.0,63.0,-4.0,269.0,248.0,221.0,91.0,1.0,96.0,0.0,97.0,-1.0,,,,
0680015X,2020-01-01,STRASBOURG,HAUT-RHIN,GUEBWILLER,LYCEE GENERAL ET TECHNOLOGIQUE,PUBLIC,841,117.4,,117.4,99.0,1.0,76.0,2.0,312.0,247.0,289.0,88.0,-2.0,98.0,2.0,99.0,0.0,,,,
0680016Y,2020-01-01,STRASBOURG,HAUT-RHIN,GUEBWILLER,LYCEE POLYVALENT,PUBLIC,721,117.2,94.0,113.2,96.0,-2.0,62.0,-10.0,265.0,236.0,217.0,92.0,2.0,97.0,1.0,99.0,0.0,,,,
0680034T,2020-01-01,STRASBOURG,HAUT-RHIN,MULHOUSE,LYCEE GENERAL ET TECHNOLOGIQUE,PUBLIC,972,99.7,86.7,99.6,95.0,-1.0,59.0,-3.0,348.0,370.0,315.0,83.0,-3.0,93.0,-1.0,97.0,-1.0,,,,
0680051L,2020-01-01,STRASBOURG,HAUT-RHIN,MUNSTER,LYCEE GENERAL,PUBLIC,325,118.4,,118.4,99.0,0.0,86.0,12.0,111.0,89.0,103.0,93.0,3.0,98.0,1.0,100.0,1.0,,,,
0681761V,2020-01-01,STRASBOURG,HAUT-RHIN,MULHOUSE,LYCEE GENERAL ET TECHNOLOGIQUE,PUBLIC,645,105.5,,105.5,94.0,-4.0,75.0,4.0,289.0,210.0,189.0,82.0,-7.0,95.0,-1.0,99.0,0.0,,,,
0681768C,2020-01-01,STRASBOURG,HAUT-RHIN,MULHOUSE,LYCEE POLYVALENT,PUBLIC,846,89.5,81.2,88.9,90.0,-2.0,48.0,-1.0,321.0,280.0,276.0,87.0,3.0,92.0,-1.0,94.0,-2.0,,,,
0880019T,2020-01-01,NANCY-METZ,VOSGES,EPINAL,LYCEE GENERAL ET TECHNOLOGIQUE,PUBLIC,1115,103.4,,103.4,95.0,-2.0,62.0,-2.0,309.0,470.0,387.0,92.0,4.0,94.0,-1.0,97.0,-1.0,,,,
0880030E,2020-01-01,NANCY-METZ,VOSGES,GERARDMER,LYCEE GENERAL,PUBLIC,428,123.5,,123.5,97.0,-2.0,70.0,-5.0,174.0,163.0,134.0,90.0,-1.0,95.0,-1.0,99.0,0.0,,,,
0880097C,2020-01-01,NANCY-METZ,VOSGES,REMIREMONT,LYCEE GEN.ET TECHNOL.PRIVE,PRIVE,249,108.4,,108.4,100.0,3.0,64.0,1.0,73.0,81.0,71.0,79.0,-10.0,92.0,-3.0,98.0,0.0,,,,
0080039Z,2020-01-01,REIMS,ARDENNES,RETHEL,LYCEE POLYVALENT,PUBLIC,559,108.6,77.5,97.5,98.0,0.0,67.0,-1.0,211.0,180.0,164.0,91.0,0.0,94.0,-2.0,97.0,-1.0,,,,
0080081V,2020-01-01,REIMS,ARDENNES,SEDAN,LYCEE GENERAL PRIVE,PRIVE,279,109.9,,109.9,100.0,2.0,78.0,7.0,89.0,98.0,81.0,90.0,0.0,98.0,2.0,100.0,1.0,,,,
0101028N,2020-01-01,REIMS,AUBE,TROYES,LYCEE GENERAL,PUBLIC,778,106.8,,106.8,97.0,-1.0,60.0,-14.0,313.0,223.0,205.0,82.0,-6.0,92.0,-4.0,97.0,-2.0,,,,
0510053F,2020-01-01,REIMS,MARNE,SEZANNE,LYCEE POLYVALENT,PUBLIC,385,102.1,80.2,93.2,94.0,-2.0,60.0,-3.0,166.0,131.0,128.0,91.0,2.0,94.0,-2.0,97.0,-1.0,,,,
0511145T,2020-01-01,REIMS,MARNE,REIMS,LYCEE POLYVALENT PRIVE,PRIVE,345,107.4,105.5,106.6,100.0,2.0,72.0,6.0,118.0,126.0,111.0,84.0,-6.0,86.0,-10.0,100.0,2.0,,,,
0511147V,2020-01-01,REIMS,MARNE,CHALONS-EN-CHAMPAGNE,LYC POLYVAL PRIVE DES METIERS,PRIVE,601,118.0,97.1,110.3,98.0,0.0,74.0,3.0,235.0,197.0,195.0,91.0,0.0,94.0,-2.0,98.0,0.0,,,,
0511901P,2020-01-01,REIMS,MARNE,REIMS,LYCEE GENERAL ET TECHNOLOGIQUE,PUBLIC,465,100.7,,100.7,93.0,-1.0,54.0,-3.0,183.0,133.0,131.0,71.0,-14.0,88.0,-6.0,96.0,-1.0,,,,
0511951U,2020-01-01,REIMS,MARNE,CHALONS-EN-CHAMPAGNE,LPO LYCEE DES METIERS,PUBLIC,359,94.8,81.1,88.8,84.0,-9.0,37.0,-14.0,140.0,123.0,104.0,76.0,-9.0,82.0,-11.0,87.0,-9.0,,,,
0520028Y,2020-01-01,REIMS,HAUTE-MARNE,SAINT-DIZIER,LYCEE POLYVALENT,PUBLIC,258,102.6,,102.6,96.0,0.0,62.0,4.0,104.0,82.0,71.0,82.0,-6.0,93.0,-2.0,100.0,3.0,,,,
0540070H,2020-01-01,NANCY-METZ,MEURTHE-ET-MOSELLE,VANDOEUVRE-LES-NANCY,LYCEE GENERAL ET TECHNOLOGIQUE,PUBLIC,811,113.9,,113.9,97.0,0.0,68.0,-1.0,292.0,263.0,272.0,91.0,2.0,97.0,2.0,98.0,0.0,,,,
0541305A,2020-01-01,NANCY-METZ,MEURTHE-ET-MOSELLE,VAL DE BRIEY,LYCEE GEN.ET TECHNOL.PRIVE,PRIVE,88,108.8,,108.8,95.0,-2.0,54.0,-8.0,45.0,21.0,17.0,85.0,-1.0,97.0,1.0,97.0,-1.0,,,,
0541318P,2020-01-01,NANCY-METZ,MEURTHE-ET-MOSELLE,NANCY,LYCEE GENERAL PRIVE,PRIVE,513,136.0,,136.0,99.0,0.0,86.0,1.0,182.0,162.0,157.0,89.0,-3.0,95.0,-2.0,100.0,1.0,,,,
0541986R,2020-01-01,NANCY-METZ,MEURTHE-ET-MOSELLE,JARVILLE-LA-MALGRANGE,LYCEE GENERAL PRIVE,PRIVE,555,140.7,,140.7,100.0,1.0,89.0,3.0,201.0,187.0,175.0,95.0,3.0,98.0,1.0,99.0,-1.0,,,,
0542293Z,2020-01-01,NANCY-METZ,MEURTHE-ET-MOSELLE,LUNEVILLE,LPO LYCEE DES METIERS,PUBLIC,227,112.1,87.7,101.1,97.0,-1.0,64.0,-5.0,72.0,58.0,69.0,77.0,-11.0,95.0,-1.0,97.0,-2.0,,,,
0550002D,2020-01-01,NANCY-METZ,MEUSE,BAR-LE-DUC,LYCEE GENERAL ET TECHNOLOGIQUE,PUBLIC,1009,107.5,,107.5,95.0,-3.0,62.0,-7.0,331.0,332.0,314.0,91.0,1.0,96.0,0.0,97.0,-1.0,,,,
0550049E,2020-01-01,NANCY-METZ,MEUSE,VERDUN,LYCEE GEN.ET TECHNOL.PRIVE,PRIVE,180,103.9,,103.9,98.0,0.0,67.0,1.0,82.0,54.0,63.0,75.0,-12.0,88.0,-8.0,100.0,2.0,,,,
0570021N,2020-01-01,NANCY-METZ,MOSELLE,DIEUZE,LYCEE POLYVALENT,PUBLIC,441,106.1,75.6,103.0,99.0,1.0,74.0,3.0,159.0,151.0,107.0,86.0,-4.0,95.0,-1.0,99.0,1.0,,,,
0570057C,2020-01-01,NANCY-METZ,MOSELLE,METZ,LYCEE GENERAL ET TECHNOLOGIQUE,PUBLIC,860,97.0,,97.0,97.0,2.0,51.0,-2.0,259.0,311.0,329.0,83.0,0.0,92.0,-1.0,98.0,2.0,,,,
0570058D,2020-01-01,NANCY-METZ,MOSELLE,METZ,LYCEE GENERAL ET TECHNOLOGIQUE,PUBLIC,1300,125.1,,125.1,100.0,2.0,82.0,8.0,455.0,420.0,444.0,93.0,2.0,96.0,0.0,100.0,1.0,,,,
0570108H,2020-01-01,NANCY-METZ,MOSELLE,THIONVILLE,LPO LYCEE DES METIERS,PUBLIC,223,104.1,82.7,88.4,95.0,-1.0,56.0,0.0,51.0,93.0,78.0,84.0,-2.0,91.0,-3.0,99.0,2.0,,,,
0572022N,2020-01-01,NANCY-METZ,MOSELLE,CREUTZWALD,LYCEE POLYVALENT,PUBLIC,660,97.6,71.5,91.9,97.0,1.0,51.0,-8.0,212.0,213.0,205.0,92.0,4.0,97.0,2.0,99.0,1.0,,,,
0572027U,2020-01-01,NANCY-METZ,MOSELLE,THIONVILLE,LYCEE POLYVALENT,PUBLIC,982,100.0,86.3,96.0,93.0,-3.0,51.0,-6.0,213.0,354.0,376.0,89.0,1.0,95.0,0.0,95.0,-2.0,,,,
0670007U,2020-01-01,STRASBOURG,BAS-RHIN,BOUXWILLER,LYCEE GENERAL ET TECHNOLOGIQUE,PUBLIC,486,116.9,,116.9,98.0,0.0,79.0,3.0,184.0,147.0,142.0,89.0,-2.0,98.0,2.0,99.0,0.0,,,,
0670071N,2020-01-01,STRASBOURG,BAS-RHIN,SELESTAT,LYCEE GENERAL ET TECHNOLOGIQUE,PUBLIC,971,120.4,,120.4,98.0,0.0,82.0,6.0,300.0,336.0,343.0,96.0,4.0,98.0,1.0,99.0,0.0,,,,
0670082A,2020-01-01,STRASBOURG,BAS-RHIN,STRASBOURG,LYCEE GENERAL ET TECHNOLOGIQUE,PUBLIC,985,103.4,,103.4,95.0,-2.0,58.0,-6.0,378.0,323.0,300.0,86.0,-2.0,94.0,-1.0,95.0,-3.0,,,,
0670085D,2020-01-01,STRASBOURG,BAS-RHIN,STRASBOURG,LPO LYCEE DES METIERS,PUBLIC,477,108.2,80.1,95.0,95.0,-1.0,61.0,-1.0,174.0,146.0,169.0,83.0,-3.0,95.0,1.0,97.0,0.0,,,,
0671552Y,2020-01-01,STRASBOURG,BAS-RHIN,STRASBOURG,LYCEE GENERAL PRIVE,PRIVE,758,143.7,,143.7,100.0,0.0,99.0,7.0,269.0,255.0,240.0,94.0,1.0,99.0,1.0,100.0,0.0,,,,
0671602C,2020-01-01,STRASBOURG,BAS-RHIN,HAGUENAU,LYCEE GEN.ET TECHNOL.PRIVE,PRIVE,348,118.8,,118.8,100.0,1.0,84.0,6.0,133.0,122.0,103.0,93.0,1.0,97.0,0.0,99.0,0.0,,,,
0672198A,2020-01-01,STRASBOURG,BAS-RHIN,ILLKIRCH-GRAFFENSTADEN,LPO LYCEE DES METIERS,PUBLIC,536,122.7,74.4,99.6,99.0,0.0,79.0,-1.0,198.0,200.0,178.0,87.0,-3.0,93.0,-3.0,97.0,-2.0,,,,
0672534R,2020-01-01,STRASBOURG,BAS-RHIN,SAVERNE,LPO LYCEE DES METIERS,PUBLIC,565,118.8,94.8,115.4,98.0,0.0,77.0,4.0,206.0,174.0,173.0,89.0,-1.0,95.0,-1.0,98.0,-1.0,,,,
0672604S,2020-01-01,STRASBOURG,BAS-RHIN,BISCHHEIM,LYCEE GENERAL ET TECHNOLOGIQUE,PUBLIC,1156,101.8,,101.8,95.0,-2.0,62.0,0.0,483.0,366.0,359.0,87.0,2.0,94.0,-1.0,95.0,-3.0,,,,
0672677W,2020-01-01,STRASBOURG,BAS-RHIN,ERSTEIN,LYCEE POLYVALENT,PUBLIC,819,123.2,87.0,119.9,98.0,-1.0,78.0,-1.0,331.0,273.0,253.0,95.0,3.0,99.0,2.0,100.0,1.0,,,,
0673083M,2020-01-01,STRASBOURG,BAS-RHIN,STRASBOURG,LYCEE ECOLE LIBRE SAINTE-ANNE,PRIVE,193,114.0,,114.0,100.0,1.0,86.0,7.0,92.0,79.0,52.0,93.0,1.0,98.0,1.0,100.0,1.0,,,,
0680031P,2020-01-01,STRASBOURG,HAUT-RHIN,MULHOUSE,LYCEE GENERAL ET TECHNOLOGIQUE,PUBLIC,1237,98.9,,98.9,93.0,-2.0,68.0,10.0,410.0,412.0,418.0,92.0,6.0,94.0,0.0,94.0,-3.0,,,,
0680060W,2020-01-01,STRASBOURG,HAUT-RHIN,RIBEAUVILLE,LYCEE GENERAL ET TECHNOLOGIQUE,PUBLIC,506,121.2,,121.2,98.0,-1.0,74.0,-1.0,167.0,178.0,131.0,90.0,-1.0,95.0,-1.0,99.0,0.0,,,,
0680066C,2020-01-01,STRASBOURG,HAUT-RHIN,SAINT-LOUIS,LYCEE POLYVALENT,PUBLIC,1460,110.3,84.4,104.5,98.0,0.0,81.0,13.0,586.0,475.0,486.0,91.0,3.0,97.0,1.0,98.0,0.0,,,,
0680068E,2020-01-01,STRASBOURG,HAUT-RHIN,SAINTE-MARIE-AUX-MINES,LYCEE POLYVALENT,PUBLIC,131,104.6,86.2,94.6,100.0,2.0,82.0,12.0,47.0,32.0,38.0,93.0,2.0,97.0,1.0,100.0,2.0,,,,
0680134B,2020-01-01,STRASBOURG,HAUT-RHIN,LANDSER,LYCEE GENERAL PRIVE,PRIVE,426,134.8,,134.8,100.0,1.0,92.0,5.0,150.0,138.0,139.0,91.0,-2.0,95.0,-2.0,100.0,1.0,,,,
0680141J,2020-01-01,STRASBOURG,HAUT-RHIN,ZILLISHEIM,LYCEE GENERAL PRIVE,PRIVE,476,137.4,,137.4,100.0,1.0,91.0,5.0,193.0,168.0,142.0,95.0,2.0,98.0,1.0,100.0,1.0,,,,
0680149T,2020-01-01,STRASBOURG,HAUT-RHIN,COLMAR,LYCEE GEN.ET TECHNOL.EPISCOPAL,PRIVE,750,117.7,,117.7,100.0,2.0,86.0,12.0,260.0,265.0,248.0,92.0,2.0,98.0,2.0,100.0,1.0,,,,
0880004B,2020-01-01,NANCY-METZ,VOSGES,BRUYERES,LYCEE GENERAL ET TECHNOLOGIQUE,PUBLIC,360,105.8,,105.8,98.0,0.0,70.0,0.0,124.0,115.0,109.0,91.0,0.0,96.0,0.0,100.0,1.0,,,,
0880021V,2020-01-01,NANCY-METZ,VOSGES,EPINAL,LPO LYCEE DES METIERS,PUBLIC,634,112.4,89.7,106.9,98.0,0.0,64.0,-7.0,228.0,196.0,162.0,84.0,-4.0,94.0,-2.0,98.0,-1.0,,,,
0880036L,2020-01-01,NANCY-METZ,VOSGES,MIRECOURT,LYCEE GENERAL ET TECHNOLOGIQUE,PUBLIC,492,111.4,99.2,111.1,95.0,-3.0,60.0,-11.0,194.0,175.0,143.0,81.0,-10.0,89.0,-7.0,96.0,-3.0,,,,
0570107G,2021-01-01,NANCY-METZ,MOSELLE,THIONVILLE,LYCEE GENERAL,PUBLIC,1028,117.4,,117.4,97.0,0.0,72.0,1.0,401.0,302.0,311.0,90.0,1.0,97.0,1.0,99.0,1.0,,,,
0080082W,2021-01-01,REIMS,ARDENNES,CHARLEVILLE-MEZIERES,LYCEE POLYVALENT PRIVE,PRIVE,422,120.4,96.8,114.1,100.0,2.0,69.0,-3.0,151.0,144.0,128.0,92.0,2.0,95.0,-1.0,99.0,1.0,34.38,,,
0100025Y,2021-01-01,REIMS,AUBE,TROYES,LYCEE POLYVALENT,PUBLIC,565,106.7,81.9,95.9,92.0,-3.0,56.0,1.0,166.0,199.0,207.0,84.0,-2.0,90.0,-4.0,94.0,-2.0,28.02,12.56,4.83,4.83
0510007F,2021-01-01,REIMS,MARNE,CHALONS-EN-CHAMPAGNE,LPO LYCEE DES METIERS,PUBLIC,478,108.9,83.8,95.3,88.0,-4.0,45.0,-3.0,152.0,165.0,158.0,79.0,-6.0,89.0,-3.0,91.0,-4.0,27.85,12.66,,
0510034K,2021-01-01,REIMS,MARNE,REIMS,LYCEE GENERAL ET TECHNOLOGIQUE,PUBLIC,1284,110.0,87.9,109.3,88.0,-6.0,48.0,-7.0,330.0,456.0,479.0,86.0,2.0,90.0,-3.0,94.0,-2.0,24.43,13.78,6.05,6.05
0520019N,2021-01-01,REIMS,HAUTE-MARNE,JOINVILLE,LYCEE GENERAL ET TECHNOLOGIQUE,PUBLIC,303,97.2,,97.2,85.0,-7.0,47.0,-3.0,113.0,83.0,118.0,80.0,-6.0,89.0,-4.0,93.0,-3.0,24.58,9.32,,
0520685M,2021-01-01,REIMS,HAUTE-MARNE,CHAUMONT,LYCEE GEN.ET TECHNOL.PRIVE,PRIVE,161,110.5,,110.5,100.0,3.0,57.0,-7.0,80.0,64.0,54.0,80.0,-7.0,90.0,-4.0,95.0,-1.0,20.37,12.96,,
0540040A,2021-01-01,NANCY-METZ,MEURTHE-ET-MOSELLE,NANCY,LYCEE GENERAL ET TECHNOLOGIQUE,PUBLIC,1010,117.5,,117.5,93.0,-2.0,59.0,0.0,307.0,359.0,357.0,86.0,0.0,92.0,-1.0,94.0,-2.0,29.41,16.53,7.00,7.00
0541286E,2021-01-01,NANCY-METZ,MEURTHE-ET-MOSELLE,VAL DE BRIEY,LYCEE GENERAL ET TECHNOLOGIQUE,PUBLIC,924,105.0,,105.0,95.0,1.0,63.0,8.0,308.0,297.0,319.0,89.0,2.0,95.0,2.0,97.0,1.0,28.21,21.32,5.02,5.02
0541312H,2021-01-01,NANCY-METZ,MEURTHE-ET-MOSELLE,LUNEVILLE,LYCEE GENERAL PRIVE,PRIVE,112,103.6,,103.6,92.0,-2.0,52.0,-2.0,44.0,51.0,27.0,80.0,-6.0,89.0,-4.0,92.0,-5.0,,,,
0542208G,2021-01-01,NANCY-METZ,MEURTHE-ET-MOSELLE,VILLERS-LES-NANCY,LYCEE POLYVALENT,PUBLIC,559,115.6,98.2,110.8,92.0,-3.0,67.0,8.0,204.0,187.0,190.0,80.0,-5.0,90.0,-3.0,94.0,-3.0,35.79,18.42,4.74,4.74
0542408Z,2021-01-01,NANCY-METZ,MEURTHE-ET-MOSELLE,NANCY,LYCEE GEN.ET TECHNOL.PRIVE,PRIVE,220,104.0,,104.0,89.0,-6.0,39.0,-12.0,45.0,81.0,76.0,73.0,-11.0,83.0,-8.0,93.0,-2.0,25.00,9.21,2.63,2.63
0550002D,2021-01-01,NANCY-METZ,MEUSE,BAR-LE-DUC,LYCEE GENERAL ET TECHNOLOGIQUE,PUBLIC,977,107.4,,107.4,89.0,-5.0,48.0,-7.0,308.0,303.0,335.0,84.0,-2.0,93.0,-1.0,94.0,-2.0,24.48,13.13,5.37,5.37
0550047C,2021-01-01,NANCY-METZ,MEUSE,BAR-LE-DUC,LYCEE GEN.ET TECHNOL.PRIVE,PRIVE,243,116.5,,116.5,99.0,2.0,66.0,-2.0,83.0,62.0,84.0,81.0,-7.0,93.0,-3.0,99.0,1.0,,,,
0550049E,2021-01-01,NANCY-METZ,MEUSE,VERDUN,LYCEE GEN.ET TECHNOL.PRIVE,PRIVE,199,110.5,,110.5,95.0,-1.0,59.0,-1.0,52.0,81.0,50.0,69.0,-18.0,84.0,-10.0,91.0,-6.0,40.00,24.00,,
0570021N,2021-01-01,NANCY-METZ,MOSELLE,DIEUZE,LYCEE POLYVALENT,PUBLIC,417,107.5,73.0,103.9,97.0,1.0,76.0,13.0,152.0,135.0,145.0,85.0,-4.0,95.0,0.0,98.0,0.0,24.14,20.69,,
0570030Y,2021-01-01,NANCY-METZ,MOSELLE,FORBACH,LPO LYCEE DES METIERS,PUBLIC,246,71.0,65.0,67.7,76.0,0.0,22.0,-4.0,57.0,110.0,91.0,65.0,-7.0,68.0,-12.0,74.0,-9.0,,,,
0570098X,2021-01-01,NANCY-METZ,MOSELLE,SARREGUEMINES,LYCEE GENERAL ET TECHNOLOGIQUE,PUBLIC,1048,112.7,,112.7,98.0,1.0,72.0,6.0,378.0,375.0,314.0,87.0,-2.0,95.0,0.0,98.0,0.0,36.94,25.48,9.24,9.24
0570146Z,2021-01-01,NANCY-METZ,MOSELLE,ROMBAS,LYCEE POLYVALENT,PUBLIC,1035,102.0,78.7,96.6,94.0,2.0,54.0,5.0,315.0,287.0,351.0,90.0,6.0,93.0,1.0,96.0,1.0,31.91,14.81,,
0570211V,2021-01-01,NANCY-METZ,MOSELLE,PHALSBOURG,LYCEE GENERAL PRIVE,PRIVE,243,126.7,,126.7,100.0,3.0,83.0,10.0,86.0,73.0,72.0,83.0,-7.0,94.0,-1.0,100.0,2.0,,,,
0572340J,2021-01-01,NANCY-METZ,MOSELLE,FORBACH,LYCEE GEN.ET TECHNOL.PRIVE,PRIVE,237,97.3,,97.3,99.0,5.0,69.0,13.0,80.0,80.0,74.0,84.0,-3.0,96.0,3.0,99.0,3.0,31.08,31.08,,
0572341K,2021-01-01,NANCY-METZ,MOSELLE,MONTIGNY-LES-METZ,LYCEE GENERAL PRIVE,PRIVE,617,127.3,,127.3,99.0,1.0,68.0,-3.0,198.0,181.0,184.0,88.0,-1.0,95.0,0.0,99.0,1.0,,25.00,11.96,11.96
0572590F,2021-01-01,NANCY-METZ,MOSELLE,TALANGE,LPO LYCEE DES METIERS,PUBLIC,97,98.5,84.3,87.4,92.0,0.0,55.0,13.0,25.0,24.0,28.0,79.0,-2.0,93.0,0.0,97.0,1.0,50.00,25.00,,
0670079X,2021-01-01,STRASBOURG,BAS-RHIN,STRASBOURG,LYCEE GENERAL,PUBLIC,848,132.7,,132.7,99.0,1.0,81.0,1.0,305.0,281.0,272.0,93.0,4.0,96.0,0.0,99.0,0.0,,,,
0670080Y,2021-01-01,STRASBOURG,BAS-RHIN,STRASBOURG,LYCEE GENERAL,PUBLIC,1272,120.8,,120.8,96.0,0.0,64.0,-2.0,468.0,376.0,418.0,91.0,3.0,95.0,0.0,98.0,0.0,29.19,19.62,,
0680010S,2021-01-01,STRASBOURG,HAUT-RHIN,COLMAR,LYCEE POLYVALENT,PUBLIC,851,108.1,82.2,99.1,94.0,-2.0,71.0,9.0,259.0,288.0,272.0,90.0,3.0,95.0,1.0,97.0,0.0,32.72,29.41,11.03,11.03
0680016Y,2021-01-01,STRASBOURG,HAUT-RHIN,GUEBWILLER,LYCEE POLYVALENT,PUBLIC,718,120.5,93.5,115.9,94.0,-3.0,62.0,-3.0,263.0,230.0,235.0,88.0,0.0,95.0,0.0,98.0,0.0,31.06,13.19,11.91,11.91
0680051L,2021-01-01,STRASBOURG,HAUT-RHIN,MUNSTER,LYCEE GENERAL,PUBLIC,303,118.2,,118.2,99.0,2.0,82.0,16.0,111.0,78.0,86.0,85.0,-4.0,92.0,-3.0,98.0,0.0,,,,
0680060W,2021-01-01,STRASBOURG,HAUT-RHIN,RIBEAUVILLE,LYCEE GENERAL ET TECHNOLOGIQUE,PUBLIC,476,121.5,,121.5,99.0,2.0,78.0,12.0,165.0,140.0,176.0,93.0,5.0,98.0,3.0,99.0,1.0,28.98,15.91,,
0681761V,2021-01-01,STRASBOURG,HAUT-RHIN,MULHOUSE,LYCEE GENERAL ET TECHNOLOGIQUE,PUBLIC,688,103.4,,103.4,94.0,0.0,58.0,2.0,220.0,204.0,205.0,79.0,-7.0,94.0,1.0,97.0,1.0,24.39,17.56,,
0681817F,2021-01-01,STRASBOURG,HAUT-RHIN,INGERSHEIM,LPO LYCEE DES METIERS,PUBLIC,70,105.3,80.2,88.6,80.0,-3.0,25.0,-6.0,22.0,23.0,25.0,72.0,2.0,79.0,-5.0,89.0,0.0,,,,
0681839E,2021-01-01,STRASBOURG,HAUT-RHIN,GUEBWILLER,LPO LYCEE DES METIERS,PUBLIC,100,114.8,88.7,93.6,100.0,2.0,57.0,-6.0,37.0,25.0,40.0,94.0,13.0,100.0,9.0,100.0,4.0,,,,
0880040R,2021-01-01,NANCY-METZ,VOSGES,NEUFCHATEAU,LPO LYCEE DES METIERS,PUBLIC,544,104.4,94.7,102.9,94.0,-1.0,57.0,2.0,169.0,158.0,174.0,83.0,-4.0,90.0,-4.0,95.0,-2.0,26.44,16.09,8.05,8.05
0880099E,2021-01-01,NANCY-METZ,VOSGES,SAINT-DIE-DES-VOSGES,LYCEE GEN.ET TECHNOL.PRIVE,PRIVE,217,115.3,,115.3,100.0,3.0,76.0,8.0,81.0,78.0,62.0,83.0,-5.0,91.0,-4.0,100.0,2.0,22.58,24.19,,
0880101G,2021-01-01,NANCY-METZ,VOSGES,EPINAL,LYCEE GEN.ET TECHNOL.PRIVE,PRIVE,375,124.3,,124.3,100.0,2.0,73.0,-1.0,131.0,129.0,111.0,87.0,-2.0,93.0,-3.0,99.0,0.0,37.84,27.93,,
0880004B,2021-01-01,NANCY-METZ,VOSGES,BRUYERES,LYCEE GENERAL ET TECHNOLOGIQUE,PUBLIC,348,105.5,,105.5,98.0,2.0,63.0,1.0,139.0,98.0,113.0,84.0,-5.0,91.0,-4.0,97.0,0.0,34.51,16.81,,
0880055G,2021-01-01,NANCY-METZ,VOSGES,SAINT-DIE-DES-VOSGES,LYCEE GENERAL ET TECHNOLOGIQUE,PUBLIC,646,101.8,,101.8,96.0,2.0,61.0,10.0,220.0,226.0,195.0,80.0,-6.0,92.0,-1.0,95.0,-1.0,33.85,17.95,6.15,6.15
0570311D,2021-01-01,NANCY-METZ,MOSELLE,METZ,LYCEE GEN.ET TECHNOL.PRIVE,PRIVE,509,132.8,,132.8,99.0,1.0,80.0,7.0,191.0,182.0,164.0,94.0,4.0,95.0,-1.0,99.0,1.0,37.80,23.78,14.63,14.63
0570313F,2021-01-01,NANCY-METZ,MOSELLE,THIONVILLE,LYCEE GEN.ET TECHNOL.PRIVE,PRIVE,870,124.6,,124.6,100.0,2.0,76.0,4.0,287.0,273.0,289.0,94.0,4.0,99.0,3.0,100.0,2.0,34.26,24.22,,
0572027U,2021-01-01,NANCY-METZ,MOSELLE,THIONVILLE,LYCEE POLYVALENT,PUBLIC,943,99.9,85.7,95.4,92.0,-1.0,39.0,-9.0,237.0,374.0,363.0,85.0,0.0,92.0,0.0,94.0,-1.0,27.55,8.82,2.48,2.48
0573227Y,2021-01-01,NANCY-METZ,MOSELLE,METZ,LYCEE POLYVALENT,PUBLIC,817,106.8,87.3,102.1,96.0,1.0,59.0,3.0,334.0,263.0,250.0,87.0,0.0,96.0,2.0,98.0,1.0,32.80,,,
0573231C,2021-01-01,NANCY-METZ,MOSELLE,SCHOENECK,LPO LYCEE DES METIERS,PUBLIC,500,92.6,85.9,91.7,96.0,5.0,49.0,4.0,145.0,120.0,163.0,84.0,0.0,96.0,4.0,98.0,4.0,24.54,19.02,4.91,4.91
0573320Z,2021-01-01,NANCY-METZ,MOSELLE,METZ,LPO LYCEE DES METIERS,PUBLIC,134,114.8,89.1,97.4,98.0,0.0,65.0,0.0,30.0,47.0,44.0,95.0,8.0,98.0,4.0,98.0,2.0,,,,
0573366Z,2021-01-01,NANCY-METZ,MOSELLE,ALGRANGE,LYCEE TECHNOLOGIQUE PRIVE,PRIVE,170,106.6,,106.6,98.0,2.0,54.0,-7.0,46.0,58.0,59.0,76.0,-12.0,87.0,-7.0,96.0,-1.0,,,,
0670049P,2021-01-01,STRASBOURG,BAS-RHIN,OBERNAI,LYCEE GENERAL,PUBLIC,677,132.7,,132.7,99.0,0.0,80.0,0.0,231.0,209.0,221.0,91.0,1.0,98.0,2.0,100.0,1.0,,,,
0670082A,2021-01-01,STRASBOURG,BAS-RHIN,STRASBOURG,LYCEE GENERAL ET TECHNOLOGIQUE,PUBLIC,1001,100.8,,100.8,93.0,1.0,60.0,9.0,336.0,290.0,353.0,84.0,0.0,91.0,-1.0,94.0,-1.0,23.51,13.60,8.22,8.22
0671552Y,2021-01-01,STRASBOURG,BAS-RHIN,STRASBOURG,LYCEE GENERAL PRIVE,PRIVE,764,142.0,,142.0,100.0,1.0,97.0,8.0,262.0,258.0,251.0,94.0,2.0,98.0,1.0,100.0,0.0,,,,
0671636P,2021-01-01,STRASBOURG,BAS-RHIN,STRASBOURG,LYCEE D'ENS. GENERAL ET TECHN.,PRIVE,134,116.8,,116.8,88.0,-2.0,39.0,-2.0,45.0,44.0,53.0,80.0,17.0,83.0,-2.0,90.0,-3.0,,,,
0672198A,2021-01-01,STRASBOURG,BAS-RHIN,ILLKIRCH-GRAFFENSTADEN,LPO LYCEE DES METIERS,PUBLIC,576,123.9,73.4,101.4,98.0,1.0,72.0,1.0,227.0,196.0,194.0,86.0,-3.0,95.0,0.0,98.0,0.0,32.99,20.62,10.82,10.82
0672534R,2021-01-01,STRASBOURG,BAS-RHIN,SAVERNE,LPO LYCEE DES METIERS,PUBLIC,553,120.7,100.2,118.1,97.0,0.0,75.0,5.0,178.0,175.0,175.0,87.0,-1.0,96.0,1.0,97.0,-1.0,34.29,25.14,12.00,12.00
0672806L,2021-01-01,STRASBOURG,BAS-RHIN,STRASBOURG,LYCEE POLYVALENT,PUBLIC,936,103.5,79.8,98.3,87.0,-5.0,52.0,0.0,376.0,320.0,311.0,84.0,-1.0,92.0,0.0,94.0,-2.0,17.04,15.11,,
0673083M,2021-01-01,STRASBOURG,BAS-RHIN,STRASBOURG,LYCEE ECOLE LIBRE SAINTE-ANNE,PRIVE,223,110.9,,110.9,98.0,0.0,84.0,13.0,90.0,82.0,74.0,85.0,-4.0,94.0,-2.0,98.0,0.0,,,,
0680008P,2021-01-01,STRASBOURG,HAUT-RHIN,COLMAR,LYCEE GENERAL ET TECHNOLOGIQUE,PUBLIC,910,110.7,,110.7,95.0,0.0,72.0,10.0,303.0,305.0,299.0,89.0,2.0,94.0,1.0,96.0,-1.0,27.42,29.43,,
0680066C,2021-01-01,STRASBOURG,HAUT-RHIN,SAINT-LOUIS,LYCEE POLYVALENT,PUBLIC,1547,111.2,83.0,105.0,96.0,1.0,70.0,10.0,607.0,499.0,466.0,90.0,4.0,95.0,1.0,97.0,0.0,32.40,29.18,,
0680073K,2021-01-01,STRASBOURG,HAUT-RHIN,THANN,LYCEE GENERAL ET TECHNOLOGIQUE,PUBLIC,864,116.1,,116.1,93.0,-3.0,67.0,2.0,297.0,262.0,287.0,87.0,-2.0,93.0,-2.0,96.0,-2.0,30.31,19.16,7.32,7.32
0080039Z,2021-01-01,REIMS,ARDENNES,RETHEL,LYCEE POLYVALENT,PUBLIC,555,110.5,78.2,99.3,96.0,0.0,62.0,0.0,182.0,199.0,177.0,90.0,2.0,94.0,-1.0,98.0,1.0,30.51,14.69,11.86,11.86
0680141J,2021-01-01,STRASBOURG,HAUT-RHIN,ZILLISHEIM,LYCEE GENERAL PRIVE,PRIVE,503,137.6,,137.6,100.0,1.0,84.0,2.0,195.0,165.0,155.0,88.0,-3.0,95.0,-2.0,100.0,1.0,,,,
0681793E,2021-01-01,STRASBOURG,HAUT-RHIN,MULHOUSE,LYCEE  TECHNOL.PRIVE,PRIVE,60,111.3,,111.3,96.0,1.0,58.0,7.0,27.0,29.0,15.0,35.0,-45.0,75.0,-17.0,100.0,4.0,,,,
0682072H,2021-01-01,STRASBOURG,HAUT-RHIN,ISSENHEIM,LYCEE GENERAL PRIVE,PRIVE,146,120.7,,120.7,97.0,-1.0,74.0,4.0,69.0,59.0,45.0,88.0,-1.0,98.0,2.0,100.0,1.0,,,,
0880019T,2021-01-01,NANCY-METZ,VOSGES,EPINAL,LYCEE GENERAL ET TECHNOLOGIQUE,PUBLIC,1166,102.6,,102.6,95.0,1.0,58.0,6.0,315.0,399.0,441.0,87.0,1.0,90.0,-2.0,93.0,-2.0,30.84,12.24,5.44,5.44
0880153N,2021-01-01,NANCY-METZ,VOSGES,REMIREMONT,LPO LYCEE DES METIERS,PUBLIC,964,111.8,101.5,111.2,97.0,1.0,63.0,-2.0,350.0,333.0,313.0,91.0,3.0,95.0,0.0,99.0,2.0,31.63,21.73,7.67,7.67
0080018B,2021-01-01,REIMS,ARDENNES,GIVET,LYCEE GENERAL,PUBLIC,230,97.2,,97.2,90.0,-4.0,56.0,1.0,98.0,59.0,68.0,74.0,-11.0,93.0,-1.0,100.0,3.0,,,,
0080040A,2021-01-01,REIMS,ARDENNES,REVIN,LYCEE POLYVALENT,PUBLIC,251,90.5,72.1,82.3,87.0,-6.0,46.0,-1.0,95.0,71.0,83.0,77.0,-8.0,86.0,-7.0,94.0,-1.0,27.71,8.43,,
0080045F,2021-01-01,REIMS,ARDENNES,SEDAN,LYCEE GENERAL ET TECHNOLOGIQUE,PUBLIC,850,96.5,,96.5,84.0,-8.0,45.0,-6.0,294.0,268.0,276.0,80.0,-5.0,89.0,-4.0,92.0,-3.0,26.81,14.49,,
0080081V,2021-01-01,REIMS,ARDENNES,SEDAN,LYCEE GENERAL PRIVE,PRIVE,268,113.7,,113.7,97.0,0.0,67.0,-3.0,88.0,65.0,98.0,84.0,-6.0,96.0,0.0,100.0,2.0,,,,
0081047V,2021-01-01,REIMS,ARDENNES,BAZEILLES,LPO LYCEE DES METIERS,PUBLIC,81,114.2,87.0,95.3,94.0,-4.0,58.0,-6.0,30.0,19.0,29.0,80.0,-4.0,91.0,-2.0,91.0,-5.0,,,,
0080007P,2021-01-01,REIMS,ARDENNES,CHARLEVILLE-MEZIERES,LYCEE GENERAL ET TECHNOLOGIQUE,PUBLIC,796,102.3,,102.3,90.0,-4.0,52.0,-2.0,244.0,289.0,280.0,82.0,-4.0,89.0,-4.0,94.0,-2.0,30.36,15.36,4.64,4.64
0080008R,2021-01-01,REIMS,ARDENNES,CHARLEVILLE-MEZIERES,LPO LYCEE DES METIERS,PUBLIC,413,108.4,85.2,106.1,89.0,-5.0,50.0,-2.0,140.0,131.0,146.0,77.0,-9.0,90.0,-4.0,93.0,-4.0,24.66,15.07,6.85,6.85
0080053P,2021-01-01,REIMS,ARDENNES,VOUZIERS,LYCEE GENERAL,PUBLIC,249,108.9,,108.9,94.0,-2.0,59.0,-2.0,117.0,82.0,75.0,77.0,-12.0,92.0,-3.0,93.0,-4.0,,,,
0510068X,2021-01-01,REIMS,MARNE,EPERNAY,LPO LYCEE DES METIERS,PUBLIC,1429,110.4,81.1,104.1,94.0,-1.0,54.0,-4.0,474.0,457.0,471.0,89.0,2.0,95.0,1.0,98.0,1.0,28.03,16.35,8.70,8.70
0511135G,2021-01-01,REIMS,MARNE,EPERNAY,LYCEE GENERAL PRIVE,PRIVE,275,115.3,,115.3,100.0,2.0,72.0,-2.0,105.0,85.0,92.0,76.0,-14.0,97.0,1.0,100.0,2.0,,,,
0540039Z,2021-01-01,NANCY-METZ,MEURTHE-ET-MOSELLE,NANCY,LYCEE GENERAL ET TECHNOLOGIQUE,PUBLIC,1015,122.8,,122.8,96.0,0.0,64.0,1.0,332.0,340.0,336.0,91.0,4.0,96.0,2.0,98.0,1.0,30.65,18.45,,
0080006N,2021-01-01,REIMS,ARDENNES,CHARLEVILLE-MEZIERES,LYCEE GENERAL,PUBLIC,625,116.5,,116.5,94.0,-4.0,66.0,-6.0,212.0,206.0,204.0,91.0,1.0,97.0,1.0,98.0,-1.0,,,,
0080027L,2021-01-01,REIMS,ARDENNES,CHARLEVILLE-MEZIERES,LYCEE GENERAL ET TECHNOLOGIQUE,PUBLIC,431,86.3,,86.3,77.0,-11.0,40.0,-2.0,140.0,111.0,141.0,68.0,-14.0,80.0,-10.0,85.0,-7.0,20.57,14.89,,
0100003Z,2021-01-01,REIMS,AUBE,BAR-SUR-AUBE,LYCEE POLYVALENT,PUBLIC,378,104.3,78.6,97.4,92.0,-3.0,53.0,0.0,134.0,124.0,119.0,89.0,2.0,91.0,-3.0,96.0,0.0,27.73,14.29,7.56,7.56
0100046W,2021-01-01,REIMS,AUBE,TROYES,LYCEE GENERAL PRIVE,PRIVE,377,125.6,,125.6,100.0,2.0,82.0,5.0,127.0,127.0,114.0,94.0,4.0,97.0,1.0,100.0,1.0,,,,
0100059K,2021-01-01,REIMS,AUBE,TROYES,LYCEE TECHNOLOGIQUE PRIVE,PRIVE,349,114.2,,114.2,97.0,3.0,57.0,3.0,109.0,139.0,130.0,82.0,-4.0,92.0,-1.0,98.0,2.0,26.15,18.46,,
0101016A,2021-01-01,REIMS,AUBE,SAINTE-SAVINE,LYCEE POLYVALENT,PUBLIC,795,111.0,,111.0,95.0,-1.0,56.0,-8.0,303.0,239.0,241.0,77.0,-9.0,91.0,-3.0,97.0,0.0,30.29,,,
0510053F,2021-01-01,REIMS,MARNE,SEZANNE,LYCEE POLYVALENT,PUBLIC,425,99.8,79.1,92.2,89.0,-6.0,48.0,-10.0,185.0,128.0,125.0,87.0,0.0,91.0,-3.0,93.0,-4.0,,,,
0511130B,2021-01-01,REIMS,MARNE,REIMS,LYCEE GENERAL PRIVE,PRIVE,673,129.8,,129.8,100.0,2.0,76.0,-2.0,239.0,218.0,215.0,91.0,0.0,96.0,0.0,100.0,1.0,,,,
0511140M,2021-01-01,REIMS,MARNE,REIMS,LYCEE GENERAL PRIVE,PRIVE,340,141.9,,141.9,99.0,1.0,74.0,1.0,122.0,115.0,102.0,94.0,7.0,96.0,1.0,100.0,1.0,,,,
0511142P,2021-01-01,REIMS,MARNE,REIMS,LYCEE GENERAL PRIVE,PRIVE,630,132.0,,132.0,100.0,1.0,89.0,7.0,254.0,204.0,200.0,92.0,1.0,98.0,1.0,100.0,1.0,,,,
0511145T,2021-01-01,REIMS,MARNE,REIMS,LYCEE POLYVALENT PRIVE,PRIVE,355,108.4,102.3,105.9,99.0,3.0,60.0,3.0,118.0,112.0,117.0,82.0,-5.0,90.0,-4.0,99.0,2.0,41.88,13.68,1.71,1.71
0511147V,2021-01-01,REIMS,MARNE,CHALONS-EN-CHAMPAGNE,LYC POLYVAL PRIVE DES METIERS,PRIVE,627,119.5,96.3,111.2,98.0,1.0,68.0,2.0,182.0,236.0,192.0,90.0,1.0,95.0,0.0,98.0,0.0,42.71,19.79,5.21,5.21
0520021R,2021-01-01,REIMS,HAUTE-MARNE,LANGRES,LYCEE POLYVALENT,PUBLIC,686,108.6,80.6,104.6,96.0,0.0,62.0,0.0,231.0,217.0,195.0,90.0,2.0,95.0,0.0,97.0,0.0,44.10,20.51,8.21,8.21
0520028Y,2021-01-01,REIMS,HAUTE-MARNE,SAINT-DIZIER,LYCEE POLYVALENT,PUBLIC,257,102.5,,102.5,94.0,0.0,63.0,10.0,101.0,79.0,81.0,80.0,-6.0,96.0,2.0,99.0,3.0,30.86,22.22,,
0520679F,2021-01-01,REIMS,HAUTE-MARNE,SAINT-DIZIER,LYCEE GEN.ET TECHNOL.PRIVE,PRIVE,315,118.3,,118.3,98.0,1.0,80.0,11.0,126.0,128.0,92.0,91.0,2.0,97.0,2.0,100.0,2.0,31.52,25.00,17.39,17.39
0540070H,2021-01-01,NANCY-METZ,MEURTHE-ET-MOSELLE,VANDOEUVRE-LES-NANCY,LYCEE GENERAL ET TECHNOLOGIQUE,PUBLIC,827,112.6,,112.6,97.0,2.0,65.0,4.0,227.0,282.0,251.0,86.0,1.0,94.0,0.0,97.0,0.0,35.86,24.70,,
0541270M,2021-01-01,NANCY-METZ,MEURTHE-ET-MOSELLE,PONT-A-MOUSSON,LPO LYCEE DES METIERS,PUBLIC,276,113.9,85.4,97.5,94.0,-1.0,48.0,-9.0,140.0,92.0,75.0,85.0,-2.0,91.0,-3.0,100.0,3.0,38.67,12.00,,
0541313J,2021-01-01,NANCY-METZ,MEURTHE-ET-MOSELLE,NANCY,LYCEE GENERAL PRIVE,PRIVE,250,130.6,,130.6,100.0,2.0,75.0,0.0,99.0,82.0,82.0,87.0,-3.0,97.0,1.0,100.0,1.0,,,,
0541319R,2021-01-01,NANCY-METZ,MEURTHE-ET-MOSELLE,NANCY,LYCEE GENERAL PRIVE,PRIVE,152,115.8,,115.8,98.0,3.0,52.0,-6.0,53.0,53.0,31.0,61.0,-27.0,77.0,-17.0,98.0,1.0,,,,
0541986R,2021-01-01,NANCY-METZ,MEURTHE-ET-MOSELLE,JARVILLE-LA-MALGRANGE,LYCEE GENERAL PRIVE,PRIVE,563,138.8,,138.8,99.0,0.0,86.0,5.0,211.0,170.0,184.0,90.0,-1.0,98.0,2.0,100.0,1.0,,,,
0542293Z,2021-01-01,NANCY-METZ,MEURTHE-ET-MOSELLE,LUNEVILLE,LPO LYCEE DES METIERS,PUBLIC,199,111.7,82.2,97.6,99.0,4.0,49.0,-4.0,76.0,42.0,57.0,84.0,0.0,94.0,1.0,97.0,1.0,31.58,21.05,5.26,5.26
0550008K,2021-01-01,NANCY-METZ,MEUSE,COMMERCY,LYCEE POLYVALENT,PUBLIC,561,103.5,78.5,96.8,90.0,-3.0,51.0,-1.0,188.0,195.0,173.0,88.0,2.0,91.0,-2.0,93.0,-3.0,28.32,14.45,9.83,9.83
0570057C,2021-01-01,NANCY-METZ,MOSELLE,METZ,LYCEE GENERAL ET TECHNOLOGIQUE,PUBLIC,899,93.8,,93.8,92.0,1.0,47.0,4.0,312.0,377.0,321.0,77.0,-4.0,89.0,0.0,93.0,1.0,31.15,12.46,3.43,3.43
0570085H,2021-01-01,NANCY-METZ,MOSELLE,SAINT-AVOLD,LPO LYCEE DES METIERS,PUBLIC,1096,103.6,77.7,98.9,93.0,-1.0,58.0,3.0,383.0,349.0,346.0,87.0,1.0,94.0,1.0,96.0,0.0,29.77,21.39,,
0570108H,2021-01-01,NANCY-METZ,MOSELLE,THIONVILLE,LPO LYCEE DES METIERS,PUBLIC,222,107.8,84.4,90.6,92.0,-2.0,47.0,0.0,69.0,82.0,90.0,76.0,-6.0,89.0,-3.0,95.0,-1.0,28.89,10.00,,
0570216A,2021-01-01,NANCY-METZ,MOSELLE,THIONVILLE,LYCEE GENERAL PRIVE,PRIVE,875,133.4,,133.4,100.0,1.0,92.0,9.0,314.0,289.0,290.0,93.0,1.0,98.0,1.0,100.0,1.0,,,,
0572757M,2021-01-01,NANCY-METZ,MOSELLE,METZ,LYCEE GENERAL ET TECHNOLOGIQUE,PUBLIC,1528,112.5,,112.5,94.0,-1.0,59.0,0.0,499.0,516.0,471.0,85.0,-1.0,93.0,-1.0,96.0,-1.0,30.15,20.59,10.83,10.83
0573770N,2021-01-01,NANCY-METZ,MOSELLE,METZ,LYCEE GEN.ET TECHNOL.PRIVE,PRIVE,232,79.0,,79.0,99.0,4.0,68.0,15.0,54.0,85.0,88.0,56.0,-26.0,90.0,-2.0,99.0,4.0,37.50,14.77,4.55,4.55
0670002N,2021-01-01,STRASBOURG,BAS-RHIN,BARR,LYCEE GENERAL ET TECHNOLOGIQUE,PUBLIC,467,119.5,,119.5,98.0,2.0,72.0,7.0,147.0,170.0,131.0,93.0,4.0,97.0,2.0,98.0,1.0,33.59,,,
0670005S,2021-01-01,STRASBOURG,BAS-RHIN,BISCHWILLER,LYCEE GENERAL ET TECHNOLOGIQUE,PUBLIC,710,103.8,,103.8,95.0,1.0,65.0,8.0,251.0,209.0,227.0,76.0,-11.0,90.0,-3.0,94.0,-2.0,31.28,18.06,9.69,9.69
0670071N,2021-01-01,STRASBOURG,BAS-RHIN,SELESTAT,LYCEE GENERAL ET TECHNOLOGIQUE,PUBLIC,979,122.3,,122.3,98.0,1.0,76.0,5.0,312.0,322.0,333.0,96.0,6.0,97.0,1.0,99.0,1.0,29.73,27.03,18.32,18.32
0670081Z,2021-01-01,STRASBOURG,BAS-RHIN,STRASBOURG,LYCEE GENERAL,PUBLIC,953,127.0,,127.0,97.0,0.0,81.0,5.0,350.0,324.0,314.0,89.0,5.0,94.0,0.0,97.0,-1.0,,,,
0670085D,2021-01-01,STRASBOURG,BAS-RHIN,STRASBOURG,LPO LYCEE DES METIERS,PUBLIC,489,108.0,79.6,94.5,86.0,-6.0,50.0,0.0,184.0,219.0,147.0,79.0,-3.0,84.0,-8.0,92.0,-3.0,28.57,19.05,8.16,8.16
0670087F,2021-01-01,STRASBOURG,BAS-RHIN,ILLKIRCH-GRAFFENSTADEN,LPO LYCEE DES METIERS,PUBLIC,249,114.5,100.1,106.8,86.0,-7.0,54.0,0.0,60.0,98.0,121.0,86.0,4.0,86.0,-4.0,89.0,-5.0,,,,
0671609K,2021-01-01,STRASBOURG,BAS-RHIN,STRASBOURG,LYCEE GENERAL PRIVE,PRIVE,651,133.8,,133.8,100.0,1.0,85.0,5.0,246.0,227.0,205.0,93.0,2.0,98.0,2.0,100.0,1.0,,,,
0671611M,2021-01-01,STRASBOURG,BAS-RHIN,STRASBOURG,LYCEE GENERAL PRIVE,PRIVE,370,124.3,,124.3,100.0,2.0,85.0,8.0,129.0,119.0,109.0,88.0,-2.0,94.0,-2.0,98.0,-1.0,,,,
0671618V,2021-01-01,STRASBOURG,BAS-RHIN,WALBOURG,LYCEE GENERAL PRIVE,PRIVE,234,123.9,,123.9,97.0,0.0,78.0,9.0,98.0,62.0,64.0,64.0,-23.0,79.0,-16.0,92.0,-6.0,,,,
0671639T,2021-01-01,STRASBOURG,BAS-RHIN,STRASBOURG,LYC GEN TECH PRIVE DES METIERS,PRIVE,490,120.0,,120.0,98.0,3.0,52.0,-2.0,169.0,214.0,158.0,82.0,-4.0,91.0,-2.0,99.0,3.0,41.77,16.46,1.27,1.27
0672614C,2021-01-01,STRASBOURG,BAS-RHIN,SARRE-UNION,LYCEE POLYVALENT,PUBLIC,302,107.2,83.2,99.3,100.0,3.0,70.0,4.0,112.0,91.0,91.0,92.0,4.0,98.0,3.0,100.0,2.0,,,,
0672615D,2021-01-01,STRASBOURG,BAS-RHIN,MOLSHEIM,LYCEE POLYVALENT,PUBLIC,510,118.0,90.1,109.6,96.0,0.0,61.0,0.0,189.0,155.0,151.0,90.0,2.0,94.0,-1.0,97.0,-1.0,35.76,21.19,,
0680015X,2021-01-01,STRASBOURG,HAUT-RHIN,GUEBWILLER,LYCEE GENERAL ET TECHNOLOGIQUE,PUBLIC,848,117.3,,117.3,98.0,2.0,72.0,6.0,234.0,312.0,232.0,90.0,1.0,94.0,-1.0,98.0,0.0,40.95,28.45,18.10,18.10
0680032R,2021-01-01,STRASBOURG,HAUT-RHIN,MULHOUSE,LYCEE GENERAL ET TECHNOLOGIQUE,PUBLIC,1139,103.0,,103.0,86.0,-5.0,46.0,-3.0,357.0,404.0,432.0,79.0,-4.0,89.0,-1.0,92.0,-2.0,20.60,12.96,5.79,5.79
0680034T,2021-01-01,STRASBOURG,HAUT-RHIN,MULHOUSE,LYCEE GENERAL ET TECHNOLOGIQUE,PUBLIC,1033,98.8,98.2,98.8,89.0,-2.0,55.0,6.0,340.0,313.0,374.0,84.0,1.0,93.0,1.0,96.0,1.0,25.13,13.90,5.88,5.88
0680151V,2021-01-01,STRASBOURG,HAUT-RHIN,MULHOUSE,INSTITUTION,PRIVE,699,127.0,,127.0,100.0,2.0,87.0,11.0,222.0,228.0,231.0,84.0,-6.0,98.0,2.0,99.0,0.0,26.41,26.84,18.61,18.61
0681768C,2021-01-01,STRASBOURG,HAUT-RHIN,MULHOUSE,LYCEE POLYVALENT,PUBLIC,877,90.5,85.3,90.1,89.0,2.0,45.0,5.0,332.0,287.0,287.0,88.0,6.0,92.0,3.0,94.0,2.0,22.65,13.59,5.92,5.92
0880021V,2021-01-01,NANCY-METZ,VOSGES,EPINAL,LPO LYCEE DES METIERS,PUBLIC,586,114.5,85.7,107.4,96.0,0.0,60.0,-3.0,199.0,212.0,181.0,91.0,4.0,95.0,1.0,99.0,1.0,22.10,19.34,11.05,11.05
0540058V,2021-01-01,NANCY-METZ,MEURTHE-ET-MOSELLE,PONT-A-MOUSSON,LYCEE GENERAL ET TECHNOLOGIQUE,PUBLIC,946,115.7,,115.7,98.0,2.0,66.0,4.0,310.0,318.0,289.0,87.0,-2.0,95.0,0.0,99.0,2.0,38.75,20.07,,
0540076P,2021-01-01,NANCY-METZ,MEURTHE-ET-MOSELLE,JARNY,LYCEE POLYVALENT,PUBLIC,595,106.9,89.2,98.8,97.0,1.0,69.0,10.0,201.0,194.0,201.0,93.0,5.0,97.0,3.0,99.0,2.0,39.80,16.92,5.97,5.97
0541318P,2021-01-01,NANCY-METZ,MEURTHE-ET-MOSELLE,NANCY,LYCEE GENERAL PRIVE,PRIVE,501,134.3,,134.3,99.0,1.0,77.0,-2.0,181.0,170.0,141.0,82.0,-8.0,89.0,-7.0,99.0,0.0,,,,
0570087K,2021-01-01,NANCY-METZ,MOSELLE,SAINT-AVOLD,LPO LYCEE DES METIERS,PUBLIC,847,108.6,76.1,98.9,93.0,-2.0,55.0,-3.0,266.0,276.0,266.0,88.0,0.0,95.0,1.0,97.0,0.0,27.07,19.55,6.77,6.77
0570099Y,2021-01-01,NANCY-METZ,MOSELLE,SARREGUEMINES,LPO LYCEE DES METIERS,PUBLIC,506,102.2,80.8,94.9,92.0,-1.0,51.0,1.0,109.0,155.0,172.0,89.0,5.0,92.0,0.0,93.0,-2.0,29.07,16.28,3.49,3.49
0570106F,2021-01-01,NANCY-METZ,MOSELLE,THIONVILLE,LYCEE GENERAL,PUBLIC,855,115.6,,115.6,95.0,-2.0,64.0,-4.0,322.0,248.0,241.0,89.0,0.0,97.0,1.0,99.0,1.0,,,,
0570214Y,2021-01-01,NANCY-METZ,MOSELLE,SARREGUEMINES,LYCEE GENERAL PRIVE,PRIVE,175,117.8,,117.8,98.0,2.0,89.0,24.0,48.0,54.0,58.0,88.0,-1.0,95.0,-1.0,98.0,0.0,,,,
0572022N,2021-01-01,NANCY-METZ,MOSELLE,CREUTZWALD,LYCEE POLYVALENT,PUBLIC,630,98.7,73.6,93.1,95.0,2.0,58.0,6.0,197.0,180.0,216.0,87.0,0.0,96.0,3.0,97.0,1.0,30.56,17.13,,
0670007U,2021-01-01,STRASBOURG,BAS-RHIN,BOUXWILLER,LYCEE GENERAL ET TECHNOLOGIQUE,PUBLIC,473,117.3,,117.3,97.0,0.0,66.0,-3.0,140.0,171.0,142.0,91.0,2.0,97.0,2.0,99.0,1.0,33.80,22.54,,
0670020H,2021-01-01,STRASBOURG,BAS-RHIN,HAGUENAU,LYCEE GENERAL ET TECHNOLOGIQUE,PUBLIC,1275,115.2,,115.2,97.0,0.0,75.0,6.0,400.0,429.0,415.0,86.0,-3.0,94.0,-1.0,97.0,-1.0,33.49,29.16,14.70,14.70
0670041F,2021-01-01,STRASBOURG,BAS-RHIN,MOLSHEIM,LYCEE GENERAL ET TECHNOLOGIQUE,PUBLIC,1030,121.3,,121.3,98.0,1.0,72.0,3.0,322.0,345.0,349.0,95.0,6.0,97.0,2.0,98.0,0.0,34.96,23.50,14.04,14.04
0670083B,2021-01-01,STRASBOURG,BAS-RHIN,STRASBOURG,LYCEE GENERAL,PUBLIC,715,104.8,,104.8,91.0,-1.0,51.0,-1.0,275.0,241.0,264.0,83.0,1.0,94.0,2.0,95.0,0.0,,,,
0670084C,2021-01-01,STRASBOURG,BAS-RHIN,STRASBOURG,LYCEE POLYVALENT,PUBLIC,1292,103.3,85.4,100.5,89.0,-3.0,55.0,-1.0,330.0,473.0,496.0,89.0,3.0,94.0,2.0,95.0,-1.0,23.99,19.35,6.45,6.45
0670086E,2021-01-01,STRASBOURG,BAS-RHIN,STRASBOURG,LPO LYCEE DES METIERS,PUBLIC,353,86.2,76.3,81.2,87.0,0.0,51.0,16.0,110.0,143.0,120.0,77.0,-2.0,86.0,-1.0,91.0,1.0,35.83,15.83,4.17,4.17
0671615S,2021-01-01,STRASBOURG,BAS-RHIN,STRASBOURG,LYCEE GENERAL PRIVE,PRIVE,138,138.7,,138.7,96.0,-2.0,80.0,3.0,33.0,42.0,47.0,97.0,8.0,100.0,4.0,100.0,1.0,,,,
0671832C,2021-01-01,STRASBOURG,BAS-RHIN,SELESTAT,LYCEE POLYVALENT,PUBLIC,738,112.0,90.5,106.6,95.0,-1.0,57.0,-1.0,269.0,258.0,235.0,87.0,0.0,92.0,-2.0,95.0,-2.0,31.49,14.89,5.53,5.53
0672604S,2021-01-01,STRASBOURG,BAS-RHIN,BISCHHEIM,LYCEE GENERAL ET TECHNOLOGIQUE,PUBLIC,1189,101.7,,101.7,93.0,1.0,56.0,5.0,505.0,359.0,376.0,87.0,3.0,95.0,3.0,98.0,2.0,27.66,17.02,,
0672677W,2021-01-01,STRASBOURG,BAS-RHIN,ERSTEIN,LYCEE POLYVALENT,PUBLIC,857,125.3,87.7,121.8,99.0,2.0,73.0,2.0,303.0,269.0,268.0,89.0,0.0,96.0,0.0,100.0,2.0,29.48,24.25,13.06,13.06
0680001G,2021-01-01,STRASBOURG,HAUT-RHIN,ALTKIRCH,LYCEE POLYVALENT,PUBLIC,1280,115.1,86.2,108.0,97.0,1.0,72.0,8.0,417.0,451.0,405.0,91.0,3.0,95.0,0.0,98.0,1.0,31.60,22.22,10.12,10.12
0680031P,2021-01-01,STRASBOURG,HAUT-RHIN,MULHOUSE,LYCEE GENERAL ET TECHNOLOGIQUE,PUBLIC,1240,103.4,,103.4,93.0,1.0,58.0,5.0,419.0,413.0,412.0,87.0,4.0,93.0,1.0,94.0,-1.0,29.61,20.39,7.52,7.52
0680134B,2021-01-01,STRASBOURG,HAUT-RHIN,LANDSER,LYCEE GENERAL PRIVE,PRIVE,427,134.8,,134.8,100.0,1.0,98.0,10.0,150.0,146.0,132.0,93.0,2.0,98.0,1.0,100.0,1.0,,,,
0880020U,2021-01-01,NANCY-METZ,VOSGES,EPINAL,LYCEE GENERAL,PUBLIC,858,116.7,,116.7,98.0,1.0,71.0,2.0,296.0,258.0,254.0,82.0,-6.0,92.0,-4.0,98.0,0.0,,,,
0880097C,2021-01-01,NANCY-METZ,VOSGES,REMIREMONT,LYCEE GEN.ET TECHNOL.PRIVE,PRIVE,225,109.5,,109.5,93.0,0.0,55.0,2.0,65.0,73.0,74.0,73.0,-11.0,84.0,-9.0,94.0,-1.0,21.62,22.97,,
0100023W,2021-01-01,REIMS,AUBE,TROYES,LYCEE POLYVALENT,PUBLIC,1172,96.7,74.8,91.0,90.0,-2.0,51.0,0.0,347.0,397.0,411.0,80.0,-3.0,86.0,-5.0,92.0,-2.0,27.25,15.57,5.60,5.60
0100047X,2021-01-01,REIMS,AUBE,TROYES,LYCEE GENERAL PRIVE,PRIVE,390,126.3,,126.3,99.0,1.0,70.0,-4.0,141.0,124.0,121.0,85.0,-4.0,91.0,-5.0,98.0,0.0,,,,
0101028N,2021-01-01,REIMS,AUBE,TROYES,LYCEE GENERAL,PUBLIC,741,106.7,,106.7,94.0,-2.0,66.0,3.0,288.0,202.0,215.0,85.0,-2.0,94.0,-1.0,96.0,-2.0,,,,
0510031G,2021-01-01,REIMS,MARNE,REIMS,LYCEE GENERAL,PUBLIC,1047,112.4,,112.4,96.0,0.0,60.0,-2.0,426.0,321.0,314.0,92.0,5.0,97.0,2.0,98.0,1.0,,,,
0510032H,2021-01-01,REIMS,MARNE,REIMS,LYCEE GENERAL ET TECHNOLOGIQUE,PUBLIC,997,124.3,,124.3,98.0,0.0,78.0,2.0,384.0,317.0,306.0,91.0,2.0,97.0,1.0,98.0,-1.0,26.14,28.76,16.01,16.01
0510062R,2021-01-01,REIMS,MARNE,VITRY-LE-FRANCOIS,LYCEE POLYVALENT,PUBLIC,694,101.4,79.4,94.4,93.0,-2.0,57.0,1.0,236.0,231.0,215.0,93.0,6.0,95.0,1.0,98.0,1.0,35.35,16.28,,
0511146U,2021-01-01,REIMS,MARNE,REIMS,LYCEE POLYVALENT PRIVE DES MET,PRIVE,161,120.5,110.1,113.5,100.0,4.0,48.0,-10.0,57.0,61.0,53.0,80.0,-7.0,93.0,-1.0,100.0,2.0,24.53,9.43,7.55,7.55
0511901P,2021-01-01,REIMS,MARNE,REIMS,LYCEE GENERAL ET TECHNOLOGIQUE,PUBLIC,447,99.5,,99.5,86.0,-3.0,34.0,-8.0,188.0,156.0,130.0,76.0,-6.0,84.0,-6.0,88.0,-5.0,20.77,,,
0511926S,2021-01-01,REIMS,MARNE,REIMS,LYCEE GENERAL ET TECHNOLOGIQUE,PUBLIC,974,123.6,,123.6,98.0,0.0,75.0,0.0,347.0,313.0,309.0,93.0,3.0,97.0,1.0,99.0,1.0,26.86,29.13,13.27,13.27
0511951U,2021-01-01,REIMS,MARNE,CHALONS-EN-CHAMPAGNE,LPO LYCEE DES METIERS,PUBLIC,367,98.4,79.5,90.3,89.0,3.0,33.0,-3.0,126.0,147.0,126.0,85.0,5.0,89.0,2.0,92.0,2.0,19.84,6.35,,
0521032P,2021-01-01,REIMS,HAUTE-MARNE,CHAUMONT,LPO LYCEE DES METIERS,PUBLIC,570,115.1,88.8,113.2,97.0,0.0,76.0,9.0,212.0,194.0,145.0,84.0,-4.0,89.0,-6.0,97.0,-1.0,46.90,32.41,17.24,17.24
0540030P,2021-01-01,NANCY-METZ,MEURTHE-ET-MOSELLE,LONGWY,LYCEE POLYVALENT,PUBLIC,1435,99.2,78.2,97.1,92.0,-1.0,59.0,8.0,508.0,448.0,504.0,86.0,2.0,92.0,0.0,94.0,-1.0,30.36,13.10,5.56,5.56
0540038Y,2021-01-01,NANCY-METZ,MEURTHE-ET-MOSELLE,NANCY,LYCEE GENERAL ET TECHNOLOGIQUE,PUBLIC,1284,126.0,,126.0,97.0,0.0,69.0,-2.0,449.0,425.0,419.0,93.0,4.0,96.0,0.0,98.0,0.0,29.36,24.11,12.17,12.17
0540042C,2021-01-01,NANCY-METZ,MEURTHE-ET-MOSELLE,NANCY,LYCEE GENERAL ET TECHNOLOGIQUE,PUBLIC,1340,121.8,,121.8,94.0,-2.0,66.0,1.0,433.0,442.0,433.0,92.0,5.0,96.0,2.0,99.0,1.0,32.33,20.79,10.39,10.39
0540066D,2021-01-01,NANCY-METZ,MEURTHE-ET-MOSELLE,TOUL,LYCEE GENERAL ET TECHNOLOGIQUE,PUBLIC,943,115.5,,115.5,98.0,2.0,70.0,9.0,317.0,302.0,295.0,91.0,3.0,95.0,0.0,98.0,1.0,40.34,23.05,12.20,12.20
0542161F,2021-01-01,NANCY-METZ,MEURTHE-ET-MOSELLE,NANCY,LYCEE TECHNOLOGIQUE PRIVE,PRIVE,83,108.7,,108.7,93.0,0.0,43.0,0.0,24.0,36.0,28.0,60.0,-23.0,74.0,-17.0,93.0,-2.0,,,,
0100015M,2021-01-01,REIMS,AUBE,ROMILLY-SUR-SEINE,LYCEE GENERAL ET TECHNOLOGIQUE,PUBLIC,1027,100.3,,100.3,89.0,-3.0,53.0,1.0,381.0,349.0,331.0,81.0,-3.0,90.0,-2.0,93.0,-2.0,24.47,16.62,6.34,6.34
0100022V,2021-01-01,REIMS,AUBE,TROYES,LYCEE GENERAL ET TECHNOLOGIQUE,PUBLIC,913,108.3,,108.3,94.0,-1.0,54.0,-2.0,313.0,307.0,292.0,82.0,-5.0,88.0,-6.0,96.0,-1.0,33.56,14.04,5.48,5.48
0510006E,2021-01-01,REIMS,MARNE,CHALONS-EN-CHAMPAGNE,LYCEE GENERAL,PUBLIC,763,118.6,,118.6,95.0,-2.0,67.0,-3.0,241.0,229.0,222.0,89.0,0.0,93.0,-3.0,97.0,-1.0,,,,
0510035L,2021-01-01,REIMS,MARNE,REIMS,LGT LYCEE DES METIERS,PUBLIC,1047,91.8,,91.8,90.0,0.0,46.0,3.0,288.0,388.0,386.0,78.0,-3.0,91.0,2.0,94.0,1.0,30.31,11.92,3.63,3.63
0511565Z,2021-01-01,REIMS,MARNE,REIMS,LPO LYCEE DES METIERS,PUBLIC,307,105.0,87.1,98.4,92.0,-3.0,44.0,-13.0,142.0,104.0,86.0,70.0,-13.0,89.0,-5.0,96.0,-1.0,18.60,16.28,,
0520027X,2021-01-01,REIMS,HAUTE-MARNE,SAINT-DIZIER,LYCEE POLYVALENT,PUBLIC,431,92.9,,92.9,90.0,1.0,36.0,-4.0,84.0,135.0,135.0,69.0,-15.0,85.0,-6.0,91.0,-2.0,28.15,8.89,4.44,4.44
0520844K,2021-01-01,REIMS,HAUTE-MARNE,CHAUMONT,LYCEE GENERAL ET TECHNOLOGIQUE,PUBLIC,645,105.3,,105.3,92.0,-2.0,51.0,-4.0,223.0,227.0,227.0,85.0,-2.0,91.0,-2.0,95.0,-1.0,24.23,17.18,4.85,4.85
0540034U,2021-01-01,NANCY-METZ,MEURTHE-ET-MOSELLE,LUNEVILLE,LYCEE GENERAL ET TECHNOLOGIQUE,PUBLIC,986,112.1,,112.1,96.0,1.0,59.0,1.0,336.0,306.0,302.0,82.0,-5.0,93.0,-1.0,96.0,-1.0,38.08,16.23,9.93,9.93
0540041B,2021-01-01,NANCY-METZ,MEURTHE-ET-MOSELLE,NANCY,LYCEE GENERAL ET TECHNOLOGIQUE,PUBLIC,363,99.0,,99.0,98.0,6.0,48.0,2.0,128.0,118.0,109.0,81.0,-3.0,92.0,0.0,98.0,3.0,31.19,22.02,,
0540044E,2021-01-01,NANCY-METZ,MEURTHE-ET-MOSELLE,TOMBLAINE,LYCEE GENERAL ET TECHNOLOGIQUE,PUBLIC,1273,108.4,,108.4,95.0,0.0,53.0,-2.0,355.0,453.0,450.0,85.0,-1.0,92.0,-1.0,95.0,-1.0,29.33,11.11,6.22,6.22
0541309E,2021-01-01,NANCY-METZ,MEURTHE-ET-MOSELLE,LONGWY,LYCEE GEN.ET TECHNOL.PRIVE,PRIVE,358,105.8,,105.8,99.0,3.0,69.0,8.0,103.0,109.0,103.0,81.0,-6.0,94.0,-1.0,98.0,1.0,36.89,33.01,7.77,7.77
0541320S,2021-01-01,NANCY-METZ,MEURTHE-ET-MOSELLE,TOUL,LYCEE GEN.ET TECHNOL.PRIVE,PRIVE,174,105.8,,105.8,100.0,4.0,76.0,11.0,76.0,37.0,56.0,71.0,-15.0,83.0,-11.0,96.0,-2.0,33.93,21.43,7.14,7.14
0550072E,2021-01-01,NANCY-METZ,MEUSE,STENAY,LYCEE POLYVALENT,PUBLIC,242,99.8,80.2,94.1,92.0,-1.0,50.0,-1.0,100.0,78.0,67.0,93.0,6.0,94.0,1.0,94.0,-1.0,43.28,14.93,,
0570023R,2021-01-01,NANCY-METZ,MOSELLE,FAMECK,LYCEE GENERAL ET TECHNOLOGIQUE,PUBLIC,1243,91.3,,91.3,91.0,0.0,55.0,9.0,449.0,365.0,375.0,82.0,-2.0,93.0,1.0,95.0,0.0,29.07,17.87,5.87,5.87
0570029X,2021-01-01,NANCY-METZ,MOSELLE,FORBACH,LYCEE GENERAL ET TECHNOLOGIQUE,PUBLIC,553,88.1,,88.1,94.0,7.0,54.0,14.0,209.0,160.0,181.0,86.0,3.0,92.0,1.0,97.0,3.0,,,,
0570058D,2021-01-01,NANCY-METZ,MOSELLE,METZ,LYCEE GENERAL ET TECHNOLOGIQUE,PUBLIC,1319,125.8,,125.8,98.0,1.0,69.0,0.0,457.0,461.0,430.0,90.0,1.0,97.0,2.0,98.0,0.0,33.02,22.79,12.56,12.56
0570081D,2021-01-01,NANCY-METZ,MOSELLE,PHALSBOURG,LYCEE GENERAL ET TECHNOLOGIQUE,PUBLIC,281,107.1,,107.1,94.0,1.0,67.0,9.0,94.0,85.0,86.0,76.0,-10.0,87.0,-6.0,91.0,-5.0,30.23,23.26,11.63,11.63
0570210U,2021-01-01,NANCY-METZ,MOSELLE,PELTRE,LYCEE TECHNOLOGIQUE PRIVE,PRIVE,69,107.7,,107.7,100.0,7.0,70.0,26.0,21.0,25.0,29.0,85.0,8.0,100.0,11.0,100.0,8.0,,,,
0573172N,2021-01-01,NANCY-METZ,MOSELLE,SAINT-AVOLD,LYCEE TECHNOLOGIQUE PRIVE,PRIVE,87,89.5,,89.5,100.0,4.0,63.0,10.0,10.0,26.0,35.0,86.0,-1.0,100.0,7.0,100.0,4.0,,,,
0573281G,2021-01-01,NANCY-METZ,MOSELLE,METZ,LYCEE GENERAL ET TECHNOLOGIQUE,PUBLIC,1054,114.4,,114.4,95.0,1.0,61.0,3.0,367.0,339.0,350.0,85.0,-2.0,94.0,0.0,98.0,1.0,26.57,21.14,5.71,5.71
0573326F,2021-01-01,NANCY-METZ,MOSELLE,BITCHE,LYCEE POLYVALENT,PUBLIC,478,108.4,82.7,104.1,100.0,4.0,81.0,18.0,154.0,140.0,153.0,86.0,-3.0,96.0,1.0,100.0,3.0,40.52,29.41,9.15,9.15
0670057Y,2021-01-01,STRASBOURG,BAS-RHIN,SAVERNE,LYCEE GENERAL ET TECHNOLOGIQUE,PUBLIC,732,111.9,,111.9,97.0,2.0,73.0,13.0,232.0,248.0,244.0,89.0,1.0,96.0,2.0,98.0,1.0,37.70,24.59,9.43,9.43
0670078W,2021-01-01,STRASBOURG,BAS-RHIN,STRASBOURG,LYCEE GENERAL ET TECHNOLOGIQUE,PUBLIC,1030,100.3,,100.3,89.0,2.0,43.0,2.0,349.0,341.0,333.0,85.0,5.0,91.0,3.0,94.0,3.0,25.53,8.11,,
0670114K,2021-01-01,STRASBOURG,BAS-RHIN,WISSEMBOURG,LPO LYCEE DES METIERS,PUBLIC,991,114.5,92.0,109.0,99.0,2.0,77.0,12.0,319.0,330.0,320.0,95.0,6.0,98.0,3.0,99.0,1.0,32.81,30.31,12.50,12.50
0671509B,2021-01-01,STRASBOURG,BAS-RHIN,HAGUENAU,LPO LYCEE DES METIERS,PUBLIC,665,117.9,84.8,105.8,97.0,0.0,72.0,1.0,275.0,223.0,205.0,89.0,0.0,96.0,1.0,97.0,-1.0,33.17,18.05,12.20,12.20
0671602C,2021-01-01,STRASBOURG,BAS-RHIN,HAGUENAU,LYCEE GEN.ET TECHNOL.PRIVE,PRIVE,358,121.5,,121.5,100.0,1.0,88.0,8.0,133.0,119.0,116.0,89.0,-2.0,96.0,0.0,100.0,1.0,25.86,37.07,,
0671610L,2021-01-01,STRASBOURG,BAS-RHIN,STRASBOURG,LYCEE D'ENSEIGNEMENT GENERAL P,PRIVE,512,130.3,,130.3,99.0,0.0,86.0,2.0,175.0,174.0,169.0,99.0,7.0,99.0,2.0,99.0,0.0,,,,
0680007N,2021-01-01,STRASBOURG,HAUT-RHIN,COLMAR,LYCEE GENERAL ET TECHNOLOGIQUE,PUBLIC,859,127.4,,127.4,96.0,-1.0,74.0,5.0,303.0,278.0,278.0,91.0,2.0,98.0,3.0,99.0,1.0,24.82,25.90,,
0680068E,2021-01-01,STRASBOURG,HAUT-RHIN,SAINTE-MARIE-AUX-MINES,LYCEE POLYVALENT,PUBLIC,117,109.9,89.6,98.6,100.0,5.0,84.0,22.0,29.0,39.0,32.0,96.0,7.0,100.0,5.0,100.0,3.0,,,,
0680149T,2021-01-01,STRASBOURG,HAUT-RHIN,COLMAR,LYCEE GEN.ET TECHNOL.EPISCOPAL,PRIVE,773,118.8,,118.8,99.0,1.0,78.0,8.0,259.0,267.0,256.0,92.0,3.0,97.0,2.0,99.0,1.0,32.42,30.47,12.11,12.11
0681888H,2021-01-01,STRASBOURG,HAUT-RHIN,WITTELSHEIM,LYCEE POLYVALENT,PUBLIC,430,103.3,76.1,94.1,91.0,-2.0,55.0,2.0,155.0,151.0,133.0,83.0,-2.0,87.0,-5.0,90.0,-5.0,22.56,18.05,,
0880030E,2021-01-01,NANCY-METZ,VOSGES,GERARDMER,LYCEE GENERAL,PUBLIC,471,123.1,,123.1,95.0,-1.0,69.0,2.0,152.0,161.0,160.0,90.0,1.0,96.0,1.0,97.0,-1.0,,,,
0880036L,2021-01-01,NANCY-METZ,VOSGES,MIRECOURT,LYCEE GENERAL ET TECHNOLOGIQUE,PUBLIC,512,111.5,92.5,111.0,96.0,1.0,58.0,-3.0,167.0,175.0,174.0,89.0,0.0,96.0,1.0,99.0,2.0,24.71,,,
0880152M,2021-01-01,NANCY-METZ,VOSGES,SAINT-DIE-DES-VOSGES,LPO LYCEE DES METIERS,PUBLIC,425,114.4,85.9,104.3,99.0,2.0,73.0,3.0,125.0,139.0,119.0,90.0,2.0,96.0,1.0,99.0,1.0,41.18,33.61,,
0550025D,2021-01-01,NANCY-METZ,MEUSE,VERDUN,LPO LYCEE DES METIERS,PUBLIC,1106,106.6,86.6,105.1,95.0,-1.0,61.0,1.0,371.0,380.0,331.0,92.0,4.0,95.0,1.0,97.0,0.0,36.56,19.64,9.67,9.67
0570054Z,2021-01-01,NANCY-METZ,MOSELLE,METZ,LYCEE GENERAL ET TECHNOLOGIQUE,PUBLIC,1159,127.8,,127.8,98.0,0.0,76.0,-2.0,404.0,392.0,371.0,92.0,2.0,97.0,1.0,98.0,-1.0,23.45,26.42,,
0570094T,2021-01-01,NANCY-METZ,MOSELLE,SARREBOURG,LYCEE POLYVALENT,PUBLIC,818,108.0,84.4,105.2,96.0,1.0,60.0,2.0,308.0,268.0,296.0,91.0,4.0,96.0,2.0,97.0,1.0,26.69,15.20,,
